<?xml version="1.0"?>
<metadata xml:lang="pt"><Esri><MetaID>{049A5ED7-FE42-4E25-A123-974EEADEA12E}</MetaID><CreaDate>20110527</CreaDate><CreaTime>16265000</CreaTime><SyncOnce>FALSE</SyncOnce><SyncDate>20110527</SyncDate><SyncTime>16265100</SyncTime><ModDate>20110527</ModDate><ModTime>16265100</ModTime></Esri><idinfo><native Sync="TRUE">Microsoft Windows XP Version 5.1 (Build 2600) Service Pack 3; ESRI ArcCatalog 9.3.0.1770</native><descript><langdata Sync="TRUE">pt</langdata><abstract>REQUIRED: A brief narrative summary of the data set.</abstract><purpose>REQUIRED: A summary of the intentions with which the data set was developed.</purpose></descript><citation><citeinfo><origin>REQUIRED: The name of an organization or individual that developed the data set.</origin><pubdate>REQUIRED: The date when the data set is published or otherwise made available for release.</pubdate><title Sync="TRUE">HierarquiaUrbana_Regic2007_aaa</title><ftname Sync="TRUE">HierarquiaUrbana_Regic2007_aaa</ftname><geoform Sync="TRUE">vector digital data</geoform><onlink Sync="TRUE">\\ntdgc06\TROCA_DE_ARQUIVOS\ParaMarcelo\intermed\Mauricio\HierarquiaUrbana_Regic2007_aaa.shp</onlink></citeinfo></citation><timeperd><current>REQUIRED: The basis on which the time period of content information is determined.</current><timeinfo><sngdate><caldate>REQUIRED: The year (and optionally month, or month and day) for which the data set corresponds to the ground.</caldate></sngdate></timeinfo></timeperd><status><progress>REQUIRED: The state of the data set.</progress><update>REQUIRED: The frequency with which changes and additions are made to the data set after the initial data set is completed.</update></status><spdom><bounding><westbc Sync="TRUE">-72.896573</westbc><eastbc Sync="TRUE">-32.411296</eastbc><northbc Sync="TRUE">4.595681</northbc><southbc Sync="TRUE">-33.691498</southbc></bounding><lboundng><leftbc Sync="TRUE">-72.896573</leftbc><rightbc Sync="TRUE">-32.411296</rightbc><bottombc Sync="TRUE">-33.691498</bottombc><topbc Sync="TRUE">4.595681</topbc></lboundng></spdom><keywords><theme><themekt>REQUIRED: Reference to a formally registered thesaurus or a similar authoritative source of theme keywords.</themekt><themekey>REQUIRED: Common-use word or phrase used to describe the subject of the data set.</themekey></theme></keywords><accconst>REQUIRED: Restrictions and legal prerequisites for accessing the data set.</accconst><useconst>REQUIRED: Restrictions and legal prerequisites for using the data set after access is granted.</useconst><natvform Sync="TRUE">Shapefile</natvform></idinfo><dataIdInfo><envirDesc Sync="TRUE">Microsoft Windows XP Version 5.1 (Build 2600) Service Pack 3; ESRI ArcCatalog 9.3.0.1770</envirDesc><dataLang><languageCode Sync="TRUE" value="pt"></languageCode></dataLang><idCitation><resTitle Sync="TRUE">HierarquiaUrbana_Regic2007_aaa</resTitle><presForm><PresFormCd Sync="TRUE" value="005"></PresFormCd></presForm></idCitation><spatRpType><SpatRepTypCd Sync="TRUE" value="001"></SpatRepTypCd></spatRpType><dataExt><geoEle><GeoBndBox esriExtentType="native"><westBL Sync="TRUE">-72.896573</westBL><eastBL Sync="TRUE">-32.411296</eastBL><northBL Sync="TRUE">4.595681</northBL><southBL Sync="TRUE">-33.691498</southBL><exTypeCode Sync="TRUE">1</exTypeCode></GeoBndBox></geoEle></dataExt><geoBox esriExtentType="decdegrees"><westBL Sync="TRUE">-72.896573</westBL><eastBL Sync="TRUE">-32.411296</eastBL><northBL Sync="TRUE">4.595681</northBL><southBL Sync="TRUE">-33.691498</southBL><exTypeCode Sync="TRUE">1</exTypeCode></geoBox></dataIdInfo><metainfo><langmeta Sync="TRUE">pt</langmeta><metstdn Sync="TRUE">FGDC Content Standards for Digital Geospatial Metadata</metstdn><metstdv Sync="TRUE">FGDC-STD-001-1998</metstdv><mettc Sync="TRUE">local time</mettc><metc><cntinfo><cntorgp><cntper>REQUIRED: The person responsible for the metadata information.</cntper><cntorg>REQUIRED: The organization responsible for the metadata information.</cntorg></cntorgp><cntaddr><addrtype>REQUIRED: The mailing and/or physical address for the organization or individual.</addrtype><city>REQUIRED: The city of the address.</city><state>REQUIRED: The state or province of the address.</state><postal>REQUIRED: The ZIP or other postal code of the address.</postal></cntaddr><cntvoice>REQUIRED: The telephone number by which individuals can speak to the organization or individual.</cntvoice></cntinfo></metc><metd Sync="TRUE">20110527</metd><metextns><onlink Sync="TRUE">http://www.esri.com/metadata/esriprof80.html</onlink><metprof Sync="TRUE">ESRI Metadata Profile</metprof></metextns></metainfo><mdLang><languageCode Sync="TRUE" value="pt"></languageCode></mdLang><mdStanName Sync="TRUE">ISO 19115 Geographic Information - Metadata</mdStanName><mdStanVer Sync="TRUE">DIS_ESRI1.0</mdStanVer><mdChar><CharSetCd Sync="TRUE" value="004"></CharSetCd></mdChar><mdHrLv><ScopeCd Sync="TRUE" value="005"></ScopeCd></mdHrLv><mdHrLvName Sync="TRUE">dataset</mdHrLvName><distinfo><resdesc Sync="TRUE">Downloadable Data</resdesc><stdorder><digform><digtinfo><transize Sync="TRUE">0,141</transize><dssize Sync="TRUE">0,141</dssize></digtinfo></digform></stdorder></distinfo><distInfo><distributor><distorTran><onLineSrc><orDesc Sync="TRUE">002</orDesc><linkage Sync="TRUE">file://\\ntdgc06\TROCA_DE_ARQUIVOS\ParaMarcelo\intermed\Mauricio\HierarquiaUrbana_Regic2007_aaa.shp</linkage><protocol Sync="TRUE">Local Area Network</protocol></onLineSrc><transSize Sync="TRUE">0,141</transSize></distorTran><distorFormat><formatName Sync="TRUE">Shapefile</formatName></distorFormat></distributor></distInfo><spdoinfo><direct Sync="TRUE">Vector</direct><ptvctinf><esriterm Name="HierarquiaUrbana_Regic2007_aaa"><efeatyp Sync="TRUE">Simple</efeatyp><efeageom Sync="TRUE">Point</efeageom><esritopo Sync="TRUE">FALSE</esritopo><efeacnt Sync="TRUE">5276</efeacnt><spindex Sync="TRUE">TRUE</spindex><linrefer Sync="TRUE">FALSE</linrefer></esriterm><sdtsterm Name="HierarquiaUrbana_Regic2007_aaa"><sdtstype Sync="TRUE">Entity point</sdtstype><ptvctcnt Sync="TRUE">5276</ptvctcnt></sdtsterm></ptvctinf></spdoinfo><spref><horizsys><cordsysn><geogcsn Sync="TRUE">GCS_WGS_1984</geogcsn></cordsysn><geograph><geogunit Sync="TRUE">Decimal degrees</geogunit><latres Sync="TRUE">0.000000</latres><longres Sync="TRUE">0.000000</longres></geograph><geodetic><horizdn Sync="TRUE">D_WGS_1984</horizdn><ellips Sync="TRUE">WGS_1984</ellips><semiaxis Sync="TRUE">6378137.000000</semiaxis><denflat Sync="TRUE">298.257224</denflat></geodetic></horizsys></spref><refSysInfo><RefSystem><refSysID><identCode Sync="TRUE">GCS_WGS_1984</identCode></refSysID></RefSystem></refSysInfo><spatRepInfo><VectSpatRep><topLvl><TopoLevCd Sync="TRUE" value="001"></TopoLevCd></topLvl><geometObjs Name="HierarquiaUrbana_Regic2007_aaa"><geoObjTyp><GeoObjTypCd Sync="TRUE" value="004"></GeoObjTypCd></geoObjTyp><geoObjCnt Sync="TRUE">5276</geoObjCnt></geometObjs></VectSpatRep></spatRepInfo><eainfo><detailed Name="HierarquiaUrbana_Regic2007_aaa"><enttyp><enttypl Sync="TRUE">HierarquiaUrbana_Regic2007_aaa</enttypl><enttypt Sync="TRUE">Feature Class</enttypt><enttypc Sync="TRUE">5276</enttypc></enttyp><attr><attrlabl Sync="TRUE">FID</attrlabl><attalias Sync="TRUE">FID</attalias><attrtype Sync="TRUE">OID</attrtype><attwidth Sync="TRUE">4</attwidth><atprecis Sync="TRUE">0</atprecis><attscale Sync="TRUE">0</attscale><attrdef Sync="TRUE">Internal feature number.</attrdef><attrdefs Sync="TRUE">ESRI</attrdefs><attrdomv><udom Sync="TRUE">Sequential unique whole numbers that are automatically generated.</udom></attrdomv></attr><attr><attrlabl Sync="TRUE">Shape</attrlabl><attalias Sync="TRUE">Shape</attalias><attrtype Sync="TRUE">Geometry</attrtype><attwidth Sync="TRUE">0</attwidth><atprecis Sync="TRUE">0</atprecis><attscale Sync="TRUE">0</attscale><attrdef Sync="TRUE">Feature geometry.</attrdef><attrdefs Sync="TRUE">ESRI</attrdefs><attrdomv><udom Sync="TRUE">Coordinates defining the features.</udom></attrdomv></attr><attr><attrlabl Sync="TRUE">codmun</attrlabl><attalias Sync="TRUE">codmun</attalias><attrtype Sync="TRUE">Number</attrtype><attwidth Sync="TRUE">16</attwidth><atnumdec Sync="TRUE">6</atnumdec></attr><attr><attrlabl Sync="TRUE">codmundv</attrlabl><attalias Sync="TRUE">codmundv</attalias><attrtype Sync="TRUE">Number</attrtype><attwidth Sync="TRUE">16</attwidth><atnumdec Sync="TRUE">6</atnumdec></attr><attr><attrlabl Sync="TRUE">UF</attrlabl><attalias Sync="TRUE">UF</attalias><attrtype Sync="TRUE">String</attrtype><attwidth Sync="TRUE">254</attwidth></attr><attr><attrlabl Sync="TRUE">Nome_Mun</attrlabl><attalias Sync="TRUE">Nome_Mun</attalias><attrtype Sync="TRUE">String</attrtype><attwidth Sync="TRUE">50</attwidth></attr><attr><attrlabl Sync="TRUE">COD_NIVEL</attrlabl><attalias Sync="TRUE">COD_NIVEL</attalias><attrtype Sync="TRUE">String</attrtype><attwidth Sync="TRUE">12</attwidth></attr><attr><attrlabl Sync="TRUE">NOME_NIVEL</attrlabl><attalias Sync="TRUE">NOME_NIVEL</attalias><attrtype Sync="TRUE">String</attrtype><attwidth Sync="TRUE">24</attwidth></attr><attr><attrlabl Sync="TRUE">RIC01</attrlabl><attalias Sync="TRUE">RIC01</attalias><attrtype Sync="TRUE">Number</attrtype><attwidth Sync="TRUE">16</attwidth><atnumdec Sync="TRUE">6</atnumdec></attr><attr><attrlabl Sync="TRUE">RIC02</attrlabl><attalias Sync="TRUE">RIC02</attalias><attrtype Sync="TRUE">Number</attrtype><attwidth Sync="TRUE">16</attwidth><atnumdec Sync="TRUE">6</atnumdec></attr><attr><attrlabl Sync="TRUE">RIC03</attrlabl><attalias Sync="TRUE">RIC03</attalias><attrtype Sync="TRUE">Number</attrtype><attwidth Sync="TRUE">16</attwidth><atnumdec Sync="TRUE">6</atnumdec></attr><attr><attrlabl Sync="TRUE">RIC04</attrlabl><attalias Sync="TRUE">RIC04</attalias><attrtype Sync="TRUE">Number</attrtype><attwidth Sync="TRUE">16</attwidth><atnumdec Sync="TRUE">6</atnumdec></attr><attr><attrlabl Sync="TRUE">RIC05</attrlabl><attalias Sync="TRUE">RIC05</attalias><attrtype Sync="TRUE">Number</attrtype><attwidth Sync="TRUE">16</attwidth><atnumdec Sync="TRUE">6</atnumdec></attr><attr><attrlabl Sync="TRUE">RIC06</attrlabl><attalias Sync="TRUE">RIC06</attalias><attrtype Sync="TRUE">Number</attrtype><attwidth Sync="TRUE">16</attwidth><atnumdec Sync="TRUE">6</atnumdec></attr><attr><attrlabl Sync="TRUE">RIC07</attrlabl><attalias Sync="TRUE">RIC07</attalias><attrtype Sync="TRUE">Number</attrtype><attwidth Sync="TRUE">16</attwidth><atnumdec Sync="TRUE">6</atnumdec></attr><attr><attrlabl Sync="TRUE">RIC08</attrlabl><attalias Sync="TRUE">RIC08</attalias><attrtype Sync="TRUE">Number</attrtype><attwidth Sync="TRUE">16</attwidth><atnumdec Sync="TRUE">6</atnumdec></attr><attr><attrlabl Sync="TRUE">RIC09</attrlabl><attalias Sync="TRUE">RIC09</attalias><attrtype Sync="TRUE">String</attrtype><attwidth Sync="TRUE">254</attwidth></attr><attr><attrlabl Sync="TRUE">RIC10</attrlabl><attalias Sync="TRUE">RIC10</attalias><attrtype Sync="TRUE">String</attrtype><attwidth Sync="TRUE">254</attwidth></attr><attr><attrlabl Sync="TRUE">RIC11</attrlabl><attalias Sync="TRUE">RIC11</attalias><attrtype Sync="TRUE">String</attrtype><attwidth Sync="TRUE">254</attwidth></attr><attr><attrlabl Sync="TRUE">RIC12</attrlabl><attalias Sync="TRUE">RIC12</attalias><attrtype Sync="TRUE">String</attrtype><attwidth Sync="TRUE">254</attwidth></attr><attr><attrlabl Sync="TRUE">RIC13</attrlabl><attalias Sync="TRUE">RIC13</attalias><attrtype Sync="TRUE">String</attrtype><attwidth Sync="TRUE">254</attwidth></attr><attr><attrlabl Sync="TRUE">RIC14</attrlabl><attalias Sync="TRUE">RIC14</attalias><attrtype Sync="TRUE">Number</attrtype><attwidth Sync="TRUE">16</attwidth><atnumdec Sync="TRUE">6</atnumdec></attr><attr><attrlabl Sync="TRUE">RIC15</attrlabl><attalias Sync="TRUE">RIC15</attalias><attrtype Sync="TRUE">String</attrtype><attwidth Sync="TRUE">254</attwidth></attr><attr><attrlabl Sync="TRUE">RIC16</attrlabl><attalias Sync="TRUE">RIC16</attalias><attrtype Sync="TRUE">Number</attrtype><attwidth Sync="TRUE">16</attwidth><atnumdec Sync="TRUE">6</atnumdec></attr><attr><attrlabl Sync="TRUE">RIC17</attrlabl><attalias Sync="TRUE">RIC17</attalias><attrtype Sync="TRUE">Number</attrtype><attwidth Sync="TRUE">16</attwidth><atnumdec Sync="TRUE">6</atnumdec></attr><attr><attrlabl Sync="TRUE">RIC18</attrlabl><attalias Sync="TRUE">RIC18</attalias><attrtype Sync="TRUE">Number</attrtype><attwidth Sync="TRUE">16</attwidth><atnumdec Sync="TRUE">6</atnumdec></attr><attr><attrlabl Sync="TRUE">RIC19</attrlabl><attalias Sync="TRUE">RIC19</attalias><attrtype Sync="TRUE">Number</attrtype><attwidth Sync="TRUE">16</attwidth><atnumdec Sync="TRUE">6</atnumdec></attr><attr><attrlabl Sync="TRUE">RIC20</attrlabl><attalias Sync="TRUE">RIC20</attalias><attrtype Sync="TRUE">Number</attrtype><attwidth Sync="TRUE">16</attwidth><atnumdec Sync="TRUE">6</atnumdec></attr><attr><attrlabl Sync="TRUE">RIC21</attrlabl><attalias Sync="TRUE">RIC21</attalias><attrtype Sync="TRUE">Number</attrtype><attwidth Sync="TRUE">16</attwidth><atnumdec Sync="TRUE">6</atnumdec></attr><attr><attrlabl Sync="TRUE">RIC22</attrlabl><attalias Sync="TRUE">RIC22</attalias><attrtype Sync="TRUE">Number</attrtype><attwidth Sync="TRUE">16</attwidth><atnumdec Sync="TRUE">6</atnumdec></attr><attr><attrlabl Sync="TRUE">RIC23</attrlabl><attalias Sync="TRUE">RIC23</attalias><attrtype Sync="TRUE">Number</attrtype><attwidth Sync="TRUE">16</attwidth><atnumdec Sync="TRUE">6</atnumdec></attr><attr><attrlabl Sync="TRUE">RIC24</attrlabl><attalias Sync="TRUE">RIC24</attalias><attrtype Sync="TRUE">Number</attrtype><attwidth Sync="TRUE">16</attwidth><atnumdec Sync="TRUE">6</atnumdec></attr><attr><attrlabl Sync="TRUE">RIC25</attrlabl><attalias Sync="TRUE">RIC25</attalias><attrtype Sync="TRUE">Number</attrtype><attwidth Sync="TRUE">16</attwidth><atnumdec Sync="TRUE">6</atnumdec></attr><attr><attrlabl Sync="TRUE">RIC26</attrlabl><attalias Sync="TRUE">RIC26</attalias><attrtype Sync="TRUE">Number</attrtype><attwidth Sync="TRUE">16</attwidth><atnumdec Sync="TRUE">6</atnumdec></attr><attr><attrlabl Sync="TRUE">RIC27</attrlabl><attalias Sync="TRUE">RIC27</attalias><attrtype Sync="TRUE">Number</attrtype><attwidth Sync="TRUE">16</attwidth><atnumdec Sync="TRUE">6</atnumdec></attr><attr><attrlabl Sync="TRUE">RIC28</attrlabl><attalias Sync="TRUE">RIC28</attalias><attrtype Sync="TRUE">Number</attrtype><attwidth Sync="TRUE">16</attwidth><atnumdec Sync="TRUE">6</atnumdec></attr><attr><attrlabl Sync="TRUE">RIC29</attrlabl><attalias Sync="TRUE">RIC29</attalias><attrtype Sync="TRUE">Number</attrtype><attwidth Sync="TRUE">16</attwidth><atnumdec Sync="TRUE">6</atnumdec></attr><attr><attrlabl Sync="TRUE">RIC30</attrlabl><attalias Sync="TRUE">RIC30</attalias><attrtype Sync="TRUE">Number</attrtype><attwidth Sync="TRUE">16</attwidth><atnumdec Sync="TRUE">6</atnumdec></attr><attr><attrlabl Sync="TRUE">RIC31</attrlabl><attalias Sync="TRUE">RIC31</attalias><attrtype Sync="TRUE">Number</attrtype><attwidth Sync="TRUE">16</attwidth><atnumdec Sync="TRUE">6</atnumdec></attr><attr><attrlabl Sync="TRUE">RIC32</attrlabl><attalias Sync="TRUE">RIC32</attalias><attrtype Sync="TRUE">Number</attrtype><attwidth Sync="TRUE">16</attwidth><atnumdec Sync="TRUE">6</atnumdec></attr><attr><attrlabl Sync="TRUE">RIC33</attrlabl><attalias Sync="TRUE">RIC33</attalias><attrtype Sync="TRUE">Number</attrtype><attwidth Sync="TRUE">16</attwidth><atnumdec Sync="TRUE">6</atnumdec></attr><attr><attrlabl Sync="TRUE">RIC34</attrlabl><attalias Sync="TRUE">RIC34</attalias><attrtype Sync="TRUE">Number</attrtype><attwidth Sync="TRUE">16</attwidth><atnumdec Sync="TRUE">6</atnumdec></attr><attr><attrlabl Sync="TRUE">RIC35</attrlabl><attalias Sync="TRUE">RIC35</attalias><attrtype Sync="TRUE">Number</attrtype><attwidth Sync="TRUE">16</attwidth><atnumdec Sync="TRUE">6</atnumdec></attr><attr><attrlabl Sync="TRUE">RIC36</attrlabl><attalias Sync="TRUE">RIC36</attalias><attrtype Sync="TRUE">Number</attrtype><attwidth Sync="TRUE">16</attwidth><atnumdec Sync="TRUE">6</atnumdec></attr><attr><attrlabl Sync="TRUE">RIC37</attrlabl><attalias Sync="TRUE">RIC37</attalias><attrtype Sync="TRUE">Number</attrtype><attwidth Sync="TRUE">16</attwidth><atnumdec Sync="TRUE">6</atnumdec></attr><attr><attrlabl Sync="TRUE">RIC38</attrlabl><attalias Sync="TRUE">RIC38</attalias><attrtype Sync="TRUE">Number</attrtype><attwidth Sync="TRUE">16</attwidth><atnumdec Sync="TRUE">6</atnumdec></attr><attr><attrlabl Sync="TRUE">RIC39</attrlabl><attalias Sync="TRUE">RIC39</attalias><attrtype Sync="TRUE">Number</attrtype><attwidth Sync="TRUE">16</attwidth><atnumdec Sync="TRUE">6</atnumdec></attr><attr><attrlabl Sync="TRUE">RIC40</attrlabl><attalias Sync="TRUE">RIC40</attalias><attrtype Sync="TRUE">Number</attrtype><attwidth Sync="TRUE">16</attwidth><atnumdec Sync="TRUE">6</atnumdec></attr><attr><attrlabl Sync="TRUE">RIC41</attrlabl><attalias Sync="TRUE">RIC41</attalias><attrtype Sync="TRUE">Number</attrtype><attwidth Sync="TRUE">16</attwidth><atnumdec Sync="TRUE">6</atnumdec></attr><attr><attrlabl Sync="TRUE">RIC42</attrlabl><attalias Sync="TRUE">RIC42</attalias><attrtype Sync="TRUE">Number</attrtype><attwidth Sync="TRUE">16</attwidth><atnumdec Sync="TRUE">6</atnumdec></attr><attr><attrlabl Sync="TRUE">RIC43</attrlabl><attalias Sync="TRUE">RIC43</attalias><attrtype Sync="TRUE">Number</attrtype><attwidth Sync="TRUE">16</attwidth><atnumdec Sync="TRUE">6</atnumdec></attr><attr><attrlabl Sync="TRUE">RIC44</attrlabl><attalias Sync="TRUE">RIC44</attalias><attrtype Sync="TRUE">Number</attrtype><attwidth Sync="TRUE">16</attwidth><atnumdec Sync="TRUE">6</atnumdec></attr><attr><attrlabl Sync="TRUE">RIC45</attrlabl><attalias Sync="TRUE">RIC45</attalias><attrtype Sync="TRUE">String</attrtype><attwidth Sync="TRUE">254</attwidth></attr><attr><attrlabl Sync="TRUE">RIC46</attrlabl><attalias Sync="TRUE">RIC46</attalias><attrtype Sync="TRUE">String</attrtype><attwidth Sync="TRUE">254</attwidth></attr><attr><attrlabl Sync="TRUE">RIC47</attrlabl><attalias Sync="TRUE">RIC47</attalias><attrtype Sync="TRUE">Number</attrtype><attwidth Sync="TRUE">16</attwidth><atnumdec Sync="TRUE">6</atnumdec></attr><attr><attrlabl Sync="TRUE">RIC48</attrlabl><attalias Sync="TRUE">RIC48</attalias><attrtype Sync="TRUE">Number</attrtype><attwidth Sync="TRUE">16</attwidth><atnumdec Sync="TRUE">6</atnumdec></attr><attr><attrlabl Sync="TRUE">RIC49</attrlabl><attalias Sync="TRUE">RIC49</attalias><attrtype Sync="TRUE">Number</attrtype><attwidth Sync="TRUE">16</attwidth><atnumdec Sync="TRUE">6</atnumdec></attr><attr><attrlabl Sync="TRUE">RIC50</attrlabl><attalias Sync="TRUE">RIC50</attalias><attrtype Sync="TRUE">Number</attrtype><attwidth Sync="TRUE">16</attwidth><atnumdec Sync="TRUE">6</atnumdec></attr><attr><attrlabl Sync="TRUE">RIC51</attrlabl><attalias Sync="TRUE">RIC51</attalias><attrtype Sync="TRUE">Number</attrtype><attwidth Sync="TRUE">16</attwidth><atnumdec Sync="TRUE">6</atnumdec></attr><attr><attrlabl Sync="TRUE">RIC52</attrlabl><attalias Sync="TRUE">RIC52</attalias><attrtype Sync="TRUE">Number</attrtype><attwidth Sync="TRUE">16</attwidth><atnumdec Sync="TRUE">6</atnumdec></attr><attr><attrlabl Sync="TRUE">RIC53</attrlabl><attalias Sync="TRUE">RIC53</attalias><attrtype Sync="TRUE">Number</attrtype><attwidth Sync="TRUE">16</attwidth><atnumdec Sync="TRUE">6</atnumdec></attr><attr><attrlabl Sync="TRUE">RIC54</attrlabl><attalias Sync="TRUE">RIC54</attalias><attrtype Sync="TRUE">Number</attrtype><attwidth Sync="TRUE">16</attwidth><atnumdec Sync="TRUE">6</atnumdec></attr><attr><attrlabl Sync="TRUE">RIC55</attrlabl><attalias Sync="TRUE">RIC55</attalias><attrtype Sync="TRUE">Number</attrtype><attwidth Sync="TRUE">16</attwidth><atnumdec Sync="TRUE">6</atnumdec></attr><attr><attrlabl Sync="TRUE">RIC56</attrlabl><attalias Sync="TRUE">RIC56</attalias><attrtype Sync="TRUE">Number</attrtype><attwidth Sync="TRUE">16</attwidth><atnumdec Sync="TRUE">6</atnumdec></attr><attr><attrlabl Sync="TRUE">RIC57</attrlabl><attalias Sync="TRUE">RIC57</attalias><attrtype Sync="TRUE">Number</attrtype><attwidth Sync="TRUE">16</attwidth><atnumdec Sync="TRUE">6</atnumdec></attr><attr><attrlabl Sync="TRUE">RIC58</attrlabl><attalias Sync="TRUE">RIC58</attalias><attrtype Sync="TRUE">String</attrtype><attwidth Sync="TRUE">254</attwidth></attr><attr><attrlabl Sync="TRUE">RIC59</attrlabl><attalias Sync="TRUE">RIC59</attalias><attrtype Sync="TRUE">Number</attrtype><attwidth Sync="TRUE">16</attwidth><atnumdec Sync="TRUE">6</atnumdec></attr><attr><attrlabl Sync="TRUE">RIC60</attrlabl><attalias Sync="TRUE">RIC60</attalias><attrtype Sync="TRUE">String</attrtype><attwidth Sync="TRUE">254</attwidth></attr><attr><attrlabl Sync="TRUE">RIC61</attrlabl><attalias Sync="TRUE">RIC61</attalias><attrtype Sync="TRUE">Number</attrtype><attwidth Sync="TRUE">16</attwidth><atnumdec Sync="TRUE">6</atnumdec></attr><attr><attrlabl Sync="TRUE">RIC62</attrlabl><attalias Sync="TRUE">RIC62</attalias><attrtype Sync="TRUE">String</attrtype><attwidth Sync="TRUE">254</attwidth></attr><attr><attrlabl Sync="TRUE">RIC63</attrlabl><attalias Sync="TRUE">RIC63</attalias><attrtype Sync="TRUE">Number</attrtype><attwidth Sync="TRUE">16</attwidth><atnumdec Sync="TRUE">6</atnumdec></attr><attr><attrlabl Sync="TRUE">RIC64</attrlabl><attalias Sync="TRUE">RIC64</attalias><attrtype Sync="TRUE">String</attrtype><attwidth Sync="TRUE">254</attwidth></attr><attr><attrlabl Sync="TRUE">RIC65</attrlabl><attalias Sync="TRUE">RIC65</attalias><attrtype Sync="TRUE">Number</attrtype><attwidth Sync="TRUE">16</attwidth><atnumdec Sync="TRUE">6</atnumdec></attr><attr><attrlabl Sync="TRUE">RIC66</attrlabl><attalias Sync="TRUE">RIC66</attalias><attrtype Sync="TRUE">String</attrtype><attwidth Sync="TRUE">254</attwidth></attr><attr><attrlabl Sync="TRUE">RIC67</attrlabl><attalias Sync="TRUE">RIC67</attalias><attrtype Sync="TRUE">Number</attrtype><attwidth Sync="TRUE">16</attwidth><atnumdec Sync="TRUE">6</atnumdec></attr><attr><attrlabl Sync="TRUE">RIC68</attrlabl><attalias Sync="TRUE">RIC68</attalias><attrtype Sync="TRUE">String</attrtype><attwidth Sync="TRUE">254</attwidth></attr><attr><attrlabl Sync="TRUE">RIC69</attrlabl><attalias Sync="TRUE">RIC69</attalias><attrtype Sync="TRUE">Number</attrtype><attwidth Sync="TRUE">16</attwidth><atnumdec Sync="TRUE">6</atnumdec></attr><attr><attrlabl Sync="TRUE">RIC70</attrlabl><attalias Sync="TRUE">RIC70</attalias><attrtype Sync="TRUE">String</attrtype><attwidth Sync="TRUE">254</attwidth></attr><attr><attrlabl Sync="TRUE">RIC71</attrlabl><attalias Sync="TRUE">RIC71</attalias><attrtype Sync="TRUE">Number</attrtype><attwidth Sync="TRUE">16</attwidth><atnumdec Sync="TRUE">6</atnumdec></attr><attr><attrlabl Sync="TRUE">RIC72</attrlabl><attalias Sync="TRUE">RIC72</attalias><attrtype Sync="TRUE">String</attrtype><attwidth Sync="TRUE">254</attwidth></attr><attr><attrlabl Sync="TRUE">RIC73</attrlabl><attalias Sync="TRUE">RIC73</attalias><attrtype Sync="TRUE">Number</attrtype><attwidth Sync="TRUE">16</attwidth><atnumdec Sync="TRUE">6</atnumdec></attr><attr><attrlabl Sync="TRUE">RIC74</attrlabl><attalias Sync="TRUE">RIC74</attalias><attrtype Sync="TRUE">String</attrtype><attwidth Sync="TRUE">254</attwidth></attr><attr><attrlabl Sync="TRUE">RIC75</attrlabl><attalias Sync="TRUE">RIC75</attalias><attrtype Sync="TRUE">String</attrtype><attwidth Sync="TRUE">254</attwidth></attr></detailed></eainfo><mdDateSt Sync="TRUE">20110527</mdDateSt></metadata>
