<?xml version="1.0"?>
<!--<!DOCTYPE metadata SYSTEM "http://www.esri.com/metadata/esriprof80.dtd">-->
<metadata xml:lang="pt"><Esri><CreaDate>20110527</CreaDate><CreaTime>16042700</CreaTime><SyncOnce>FALSE</SyncOnce><SyncDate>20080613</SyncDate><SyncTime>11451000</SyncTime><ModDate>20080613</ModDate><ModTime>11451000</ModTime><DataProperties><lineage><Process Name="FeatureClassToFeatureClass_14" ToolSource="C:\Arquivos de programas\ArcGIS\ArcToolbox\Toolboxes\Conversion Tools.tbx\FeatureClassToFeatureClass" Date="20080422" Time="145421">FeatureClassToFeatureClass D:\0_Trabalhos\REGIC\Layouts_regionais\Arquivos_finais_2008_03_31\Dados_divulga_entre_centros_lin.shp D:\0_Trabalhos\REGIC\Layouts_regionais\Layout_redes_regionais_2008_04_15\Layouts_regionais.gdb\Tematicos LIGACOES_ENTRE_CENTROS # "CODMUN6 CODMUN6 true false false 32 Double 0 32 ,First,#,D:\0_Trabalhos\REGIC\Layouts_regionais\Arquivos_finais_2008_03_31\Dados_divulga_entre_centros_lin.shp,CODMUN6,-1,-1;NOME_MUN NOME_MUN true false false 23 Text 0 0 ,First,#,D:\0_Trabalhos\REGIC\Layouts_regionais\Arquivos_finais_2008_03_31\Dados_divulga_entre_centros_lin.shp,NOME_MUN,-1,-1;MUN_DEST MUN_DEST true false false 32 Double 0 32 ,First,#,D:\0_Trabalhos\REGIC\Layouts_regionais\Arquivos_finais_2008_03_31\Dados_divulga_entre_centros_lin.shp,MUN_DEST,-1,-1;NOME_DEST NOME_DEST true false false 25 Text 0 0 ,First,#,D:\0_Trabalhos\REGIC\Layouts_regionais\Arquivos_finais_2008_03_31\Dados_divulga_entre_centros_lin.shp,NOME_DEST,-1,-1;GF_ORD GF_ORD true false false 32 Double 0 32 ,First,#,D:\0_Trabalhos\REGIC\Layouts_regionais\Arquivos_finais_2008_03_31\Dados_divulga_entre_centros_lin.shp,GF_ORD,-1,-1;EMP_ORD EMP_ORD true false false 32 Double 0 32 ,First,#,D:\0_Trabalhos\REGIC\Layouts_regionais\Arquivos_finais_2008_03_31\Dados_divulga_entre_centros_lin.shp,EMP_ORD,-1,-1;TOTAL_POND TOTAL_POND true false false 32 Double 0 32 ,First,#,D:\0_Trabalhos\REGIC\Layouts_regionais\Arquivos_finais_2008_03_31\Dados_divulga_entre_centros_lin.shp,TOTAL_POND,-1,-1;unique_id_ unique_id_ true false false 16 Text 0 0 ,First,#,D:\0_Trabalhos\REGIC\Layouts_regionais\Arquivos_finais_2008_03_31\Dados_divulga_entre_centros_lin.shp,unique_id_,-1,-1;DISTANCE DISTANCE true false false 40 Double 15 39 ,First,#,D:\0_Trabalhos\REGIC\Layouts_regionais\Arquivos_finais_2008_03_31\Dados_divulga_entre_centros_lin.shp,DISTANCE,-1,-1" # D:\0_Trabalhos\REGIC\Layouts_regionais\Layout_redes_regionais_2008_04_15\Layouts_regionais.gdb\Tematicos\LIGACOES_ENTRE_CENTROS</Process></lineage></DataProperties><MetaID>{720027F1-9CD9-4A39-9901-8847F3BDDE6B}</MetaID></Esri><idinfo><native Sync="TRUE">Microsoft Windows XP Version 5.1 (Build 2600) Service Pack 2; ESRI ArcCatalog 9.2.5.1450</native><descript><langdata Sync="TRUE">pt</langdata><abstract>REQUIRED: A brief narrative summary of the data set.</abstract><purpose>REQUIRED: A summary of the intentions with which the data set was developed.</purpose></descript><citation><citeinfo><origin>REQUIRED: The name of an organization or individual that developed the data set.</origin><pubdate>REQUIRED: The date when the data set is published or otherwise made available for release.</pubdate><title Sync="TRUE">LIGACOES_ENTRE_CENTROS</title><ftname Sync="TRUE">LIGACOES_ENTRE_CENTROS</ftname><geoform Sync="TRUE">vector digital data</geoform><onlink Sync="TRUE"></onlink></citeinfo></citation><timeperd><current>REQUIRED: The basis on which the time period of content information is determined.</current><timeinfo><sngdate><caldate>REQUIRED: The year (and optionally month, or month and day) for which the data set corresponds to the ground.</caldate></sngdate></timeinfo></timeperd><status><progress>REQUIRED: The state of the data set.</progress><update>REQUIRED: The frequency with which changes and additions are made to the data set after the initial data set is completed.</update></status><spdom><bounding><westbc Sync="TRUE">-75.859167</westbc><eastbc Sync="TRUE">-31.582845</eastbc><northbc Sync="TRUE">3.845754</northbc><southbc Sync="TRUE">-33.520612</southbc></bounding><lboundng><leftbc Sync="TRUE">-2059415.044600</leftbc><rightbc Sync="TRUE">2113429.868900</rightbc><bottombc Sync="TRUE">-3710501.549800</bottombc><topbc Sync="TRUE">425249.298100</topbc></lboundng></spdom><keywords><theme><themekt>REQUIRED: Reference to a formally registered thesaurus or a similar authoritative source of theme keywords.</themekt><themekey>REQUIRED: Common-use word or phrase used to describe the subject of the data set.</themekey></theme></keywords><accconst>REQUIRED: Restrictions and legal prerequisites for accessing the data set.</accconst><useconst>REQUIRED: Restrictions and legal prerequisites for using the data set after access is granted.</useconst><natvform Sync="TRUE">File Geodatabase Feature Class</natvform></idinfo><dataIdInfo><envirDesc Sync="TRUE">Microsoft Windows XP Version 5.1 (Build 2600) Service Pack 2; ESRI ArcCatalog 9.2.5.1450</envirDesc><dataLang><languageCode Sync="TRUE" value="pt"></languageCode></dataLang><idCitation><resTitle Sync="TRUE">LIGACOES_ENTRE_CENTROS</resTitle></idCitation><dataExt><geoEle><GeoBndBox esriExtentType="native"><westBL Sync="TRUE">-2059415.0446</westBL><eastBL Sync="TRUE">2113429.8689</eastBL><northBL Sync="TRUE">425249.2981</northBL><southBL Sync="TRUE">-3710501.5498</southBL><exTypeCode Sync="TRUE">1</exTypeCode></GeoBndBox></geoEle></dataExt><geoBox esriExtentType="decdegrees"><westBL Sync="TRUE">-75.859167</westBL><eastBL Sync="TRUE">-31.582845</eastBL><northBL Sync="TRUE">3.845754</northBL><southBL Sync="TRUE">-33.520612</southBL><exTypeCode Sync="TRUE">1</exTypeCode></geoBox></dataIdInfo><metainfo><langmeta Sync="TRUE">pt</langmeta><metstdn Sync="TRUE">FGDC Content Standards for Digital Geospatial Metadata</metstdn><metstdv Sync="TRUE">FGDC-STD-001-1998</metstdv><mettc Sync="TRUE">local time</mettc><metc><cntinfo><cntorgp><cntper>REQUIRED: The person responsible for the metadata information.</cntper><cntorg>REQUIRED: The organization responsible for the metadata information.</cntorg></cntorgp><cntaddr><addrtype>REQUIRED: The mailing and/or physical address for the organization or individual.</addrtype><city>REQUIRED: The city of the address.</city><state>REQUIRED: The state or province of the address.</state><postal>REQUIRED: The ZIP or other postal code of the address.</postal></cntaddr><cntvoice>REQUIRED: The telephone number by which individuals can speak to the organization or individual.</cntvoice></cntinfo></metc><metd Sync="TRUE">20080613</metd><metextns><onlink Sync="TRUE">http://www.esri.com/metadata/esriprof80.html</onlink><metprof Sync="TRUE">ESRI Metadata Profile</metprof></metextns></metainfo><mdLang><languageCode Sync="TRUE" value="pt"></languageCode></mdLang><mdStanName Sync="TRUE">ISO 19115 Geographic Information - Metadata</mdStanName><mdStanVer Sync="TRUE">DIS_ESRI1.0</mdStanVer><mdChar><CharSetCd Sync="TRUE" value="004"></CharSetCd></mdChar><mdHrLv><ScopeCd Sync="TRUE" value="005"></ScopeCd></mdHrLv><mdHrLvName Sync="TRUE">dataset</mdHrLvName><distinfo><resdesc Sync="TRUE">Downloadable Data</resdesc></distinfo><distInfo><distributor><distorTran><onLineSrc><orDesc Sync="TRUE">002</orDesc><linkage Sync="TRUE">file://</linkage><protocol Sync="TRUE">Local Area Network</protocol></onLineSrc></distorTran><distorFormat><formatName Sync="TRUE">File Geodatabase Feature Class</formatName></distorFormat></distributor></distInfo><spdoinfo><direct Sync="TRUE">Vector</direct><ptvctinf><esriterm Name="LIGACOES_ENTRE_CENTROS"><efeatyp Sync="TRUE">Simple</efeatyp><efeageom Sync="TRUE">Polyline</efeageom><esritopo Sync="TRUE">FALSE</esritopo><efeacnt Sync="TRUE">4821</efeacnt><spindex Sync="TRUE">TRUE</spindex><linrefer Sync="TRUE">FALSE</linrefer></esriterm><sdtsterm Name="LIGACOES_ENTRE_CENTROS"><sdtstype Sync="TRUE">String</sdtstype><ptvctcnt Sync="TRUE">4821</ptvctcnt></sdtsterm></ptvctinf></spdoinfo><spref><horizsys><cordsysn><geogcsn Sync="TRUE">GCS_South_American_1969</geogcsn><projcsn Sync="TRUE">World_Polyconic</projcsn></cordsysn><planar><planci><plance Sync="TRUE">coordinate pair</plance><plandu Sync="TRUE">meters</plandu><coordrep><absres Sync="TRUE">0.000100</absres><ordres Sync="TRUE">0.000100</ordres></coordrep></planci><mapproj><mapprojn Sync="TRUE">Polyconic</mapprojn><polycon><longcm Sync="TRUE">-54.000000</longcm><latprjo Sync="TRUE">0.000000</latprjo><feast Sync="TRUE">0.000000</feast><fnorth Sync="TRUE">0.000000</fnorth></polycon></mapproj></planar><geodetic><horizdn Sync="TRUE">D_South_American_1969</horizdn><ellips Sync="TRUE">GRS_1967_Truncated</ellips><semiaxis Sync="TRUE">6378160.000000</semiaxis><denflat Sync="TRUE">298.250000</denflat></geodetic></horizsys><vertdef><altsys><altenc Sync="TRUE">Explicit elevation coordinate included with horizontal coordinates</altenc><altres Sync="TRUE">0.000100</altres></altsys></vertdef></spref><refSysInfo><RefSystem><refSysID><identCode Sync="TRUE">World_Polyconic</identCode></refSysID></RefSystem></refSysInfo><spatRepInfo><VectSpatRep><topLvl><TopoLevCd Sync="TRUE" value="001"></TopoLevCd></topLvl><geometObjs Name="LIGACOES_ENTRE_CENTROS"><geoObjTyp><GeoObjTypCd Sync="TRUE" value="001"></GeoObjTypCd></geoObjTyp><geoObjCnt Sync="TRUE">4821</geoObjCnt></geometObjs></VectSpatRep></spatRepInfo><eainfo><detailed Name="LIGACOES_ENTRE_CENTROS"><enttyp><enttypl Sync="TRUE">LIGACOES_ENTRE_CENTROS</enttypl><enttypt Sync="TRUE">Feature Class</enttypt><enttypc Sync="TRUE">4821</enttypc></enttyp><attr><attrlabl Sync="TRUE">OBJECTID</attrlabl><attalias Sync="TRUE">OBJECTID</attalias><attrtype Sync="TRUE">OID</attrtype><attwidth Sync="TRUE">4</attwidth><atprecis Sync="TRUE">0</atprecis><attscale Sync="TRUE">0</attscale><attrdef Sync="TRUE">Internal feature number.</attrdef><attrdefs Sync="TRUE">ESRI</attrdefs><attrdomv><udom Sync="TRUE">Sequential unique whole numbers that are automatically generated.</udom></attrdomv></attr><attr><attrlabl Sync="TRUE">Shape</attrlabl><attalias Sync="TRUE">Shape</attalias><attrtype Sync="TRUE">Geometry</attrtype><attwidth Sync="TRUE">0</attwidth><atprecis Sync="TRUE">0</atprecis><attscale Sync="TRUE">0</attscale><attrdef Sync="TRUE">Feature geometry.</attrdef><attrdefs Sync="TRUE">ESRI</attrdefs><attrdomv><udom Sync="TRUE">Coordinates defining the features.</udom></attrdomv></attr><attr><attrlabl Sync="TRUE">CODMUN6</attrlabl><attalias Sync="TRUE">CODMUN6</attalias><attrtype Sync="TRUE">Double</attrtype><attwidth Sync="TRUE">8</attwidth><atprecis Sync="TRUE">0</atprecis><attscale Sync="TRUE">0</attscale></attr><attr><attrlabl Sync="TRUE">NOME_MUN</attrlabl><attalias Sync="TRUE">NOME_MUN</attalias><attrtype Sync="TRUE">String</attrtype><attwidth Sync="TRUE">23</attwidth><atprecis Sync="TRUE">0</atprecis><attscale Sync="TRUE">0</attscale></attr><attr><attrlabl Sync="TRUE">MUN_DEST</attrlabl><attalias Sync="TRUE">MUN_DEST</attalias><attrtype Sync="TRUE">Double</attrtype><attwidth Sync="TRUE">8</attwidth><atprecis Sync="TRUE">0</atprecis><attscale Sync="TRUE">0</attscale></attr><attr><attrlabl Sync="TRUE">NOME_DEST</attrlabl><attalias Sync="TRUE">NOME_DEST</attalias><attrtype Sync="TRUE">String</attrtype><attwidth Sync="TRUE">25</attwidth><atprecis Sync="TRUE">0</atprecis><attscale Sync="TRUE">0</attscale></attr><attr><attrlabl Sync="TRUE">GF_ORD</attrlabl><attalias Sync="TRUE">GF_ORD</attalias><attrtype Sync="TRUE">Double</attrtype><attwidth Sync="TRUE">8</attwidth><atprecis Sync="TRUE">0</atprecis><attscale Sync="TRUE">0</attscale></attr><attr><attrlabl Sync="TRUE">EMP_ORD</attrlabl><attalias Sync="TRUE">EMP_ORD</attalias><attrtype Sync="TRUE">Double</attrtype><attwidth Sync="TRUE">8</attwidth><atprecis Sync="TRUE">0</atprecis><attscale Sync="TRUE">0</attscale></attr><attr><attrlabl Sync="TRUE">TOTAL_POND</attrlabl><attalias Sync="TRUE">TOTAL_POND</attalias><attrtype Sync="TRUE">Double</attrtype><attwidth Sync="TRUE">8</attwidth><atprecis Sync="TRUE">0</atprecis><attscale Sync="TRUE">0</attscale></attr><attr><attrlabl Sync="TRUE">unique_id_</attrlabl><attalias Sync="TRUE">unique_id_</attalias><attrtype Sync="TRUE">String</attrtype><attwidth Sync="TRUE">16</attwidth><atprecis Sync="TRUE">0</atprecis><attscale Sync="TRUE">0</attscale></attr><attr><attrlabl Sync="TRUE">DISTANCE</attrlabl><attalias Sync="TRUE">DISTANCE</attalias><attrtype Sync="TRUE">Double</attrtype><attwidth Sync="TRUE">8</attwidth><atprecis Sync="TRUE">0</atprecis><attscale Sync="TRUE">0</attscale></attr><attr><attrlabl Sync="TRUE">Shape_Length</attrlabl><attalias Sync="TRUE">Shape_Length</attalias><attrtype Sync="TRUE">Double</attrtype><attwidth Sync="TRUE">8</attwidth><atprecis Sync="TRUE">0</atprecis><attscale Sync="TRUE">0</attscale><attrdef Sync="TRUE">Length of feature in internal units.</attrdef><attrdefs Sync="TRUE">ESRI</attrdefs><attrdomv><udom Sync="TRUE">Positive real numbers that are automatically generated.</udom></attrdomv></attr></detailed></eainfo><mdDateSt Sync="TRUE">20080613</mdDateSt><dataqual><lineage><procstep><procdesc Sync="TRUE">Dataset copied.</procdesc><srcused Sync="TRUE">\\I00321162\D$\REGIC_2007\REGIC_MAPAS\BASES\Bases_e_Temas_REGIC_2007.gdb</srcused><procdate Sync="TRUE">20110525</procdate><proctime Sync="TRUE">10465900</proctime></procstep><procstep><procdesc Sync="TRUE">Dataset copied.</procdesc><srcused Sync="TRUE"></srcused><procdate Sync="TRUE">20110527</procdate><proctime Sync="TRUE">16042700</proctime></procstep></lineage></dataqual></metadata>
