,cod_mun,municipio,estado,data,novos_casos,casos_total
0,3550308,São Paulo,SP,2020-02-25,1,1
2,3550308,São Paulo,SP,2020-02-29,1,2
4,3550308,São Paulo,SP,2020-03-04,1,3
6,3550308,São Paulo,SP,2020-03-05,3,6
7,3300407,Barra Mansa,RJ,2020-03-05,1,1
8,3205200,Vila Velha,ES,2020-03-05,1,1
10,3550308,São Paulo,SP,2020-03-06,4,10
11,2910800,Feira de Santana,BA,2020-03-06,1,1
12,3300407,Barra Mansa,RJ,2020-03-06,0,1
13,3205200,Vila Velha,ES,2020-03-06,0,1
15,3550308,São Paulo,SP,2020-03-07,3,13
16,2910800,Feira de Santana,BA,2020-03-07,1,2
17,3304557,Rio de Janeiro,RJ,2020-03-07,1,1
18,5300108,Brasília,DF,2020-03-07,1,1
19,3300407,Barra Mansa,RJ,2020-03-07,0,1
20,3205200,Vila Velha,ES,2020-03-07,0,1
22,3550308,São Paulo,SP,2020-03-08,2,15
23,3304557,Rio de Janeiro,RJ,2020-03-08,1,2
24,2704302,Maceió,AL,2020-03-08,1,1
25,3547304,Santana de Parnaíba,SP,2020-03-08,1,1
26,3122306,Divinópolis,MG,2020-03-08,1,1
27,3300407,Barra Mansa,RJ,2020-03-08,0,1
28,3205200,Vila Velha,ES,2020-03-08,0,1
29,2910800,Feira de Santana,BA,2020-03-08,0,2
30,5300108,Brasília,DF,2020-03-08,0,1
32,3304557,Rio de Janeiro,RJ,2020-03-09,4,6
33,3303302,Niterói,RJ,2020-03-09,1,1
34,3550308,São Paulo,SP,2020-03-09,0,15
35,3300407,Barra Mansa,RJ,2020-03-09,0,1
36,3205200,Vila Velha,ES,2020-03-09,0,1
37,2910800,Feira de Santana,BA,2020-03-09,0,2
38,5300108,Brasília,DF,2020-03-09,0,1
39,2704302,Maceió,AL,2020-03-09,0,1
40,3547304,Santana de Parnaíba,SP,2020-03-09,0,1
41,3122306,Divinópolis,MG,2020-03-09,0,1
43,3550308,São Paulo,SP,2020-03-10,3,18
44,5300108,Brasília,DF,2020-03-10,1,2
45,4303905,Campo Bom,RS,2020-03-10,1,1
46,3300407,Barra Mansa,RJ,2020-03-10,0,1
47,3205200,Vila Velha,ES,2020-03-10,0,1
48,2910800,Feira de Santana,BA,2020-03-10,0,2
49,3304557,Rio de Janeiro,RJ,2020-03-10,0,6
50,2704302,Maceió,AL,2020-03-10,0,1
51,3547304,Santana de Parnaíba,SP,2020-03-10,0,1
52,3122306,Divinópolis,MG,2020-03-10,0,1
53,3303302,Niterói,RJ,2020-03-10,0,1
55,3550308,São Paulo,SP,2020-03-11,26,44
56,2910800,Feira de Santana,BA,2020-03-11,1,3
57,3304557,Rio de Janeiro,RJ,2020-03-11,6,12
58,4314902,Porto Alegre,RS,2020-03-11,1,1
59,3300407,Barra Mansa,RJ,2020-03-11,0,1
60,3205200,Vila Velha,ES,2020-03-11,0,1
61,5300108,Brasília,DF,2020-03-11,0,2
62,2704302,Maceió,AL,2020-03-11,0,1
63,3547304,Santana de Parnaíba,SP,2020-03-11,0,1
64,3122306,Divinópolis,MG,2020-03-11,0,1
65,3303302,Niterói,RJ,2020-03-11,0,1
66,4303905,Campo Bom,RS,2020-03-11,0,1
68,3550308,São Paulo,SP,2020-03-12,18,62
69,3205200,Vila Velha,ES,2020-03-12,1,2
70,3304557,Rio de Janeiro,RJ,2020-03-12,2,14
71,5300108,Brasília,DF,2020-03-12,1,3
72,4314902,Porto Alegre,RS,2020-03-12,1,2
73,2611606,Recife,PE,2020-03-12,2,2
74,4305108,Caxias do Sul,RS,2020-03-12,1,1
75,4106902,Curitiba,PR,2020-03-12,5,5
76,4105508,Cianorte,PR,2020-03-12,1,1
77,3515707,Ferraz de Vasconcelos,SP,2020-03-12,1,1
78,4205407,Florianópolis,SC,2020-03-12,2,2
79,3131307,Ipatinga,MG,2020-03-12,1,1
80,5218805,Rio Verde,GO,2020-03-12,1,1
81,5208707,Goiânia,GO,2020-03-12,2,2
82,2408102,Natal,RN,2020-03-12,1,1
83,3300407,Barra Mansa,RJ,2020-03-12,0,1
84,2910800,Feira de Santana,BA,2020-03-12,0,3
85,2704302,Maceió,AL,2020-03-12,0,1
86,3547304,Santana de Parnaíba,SP,2020-03-12,0,1
87,3122306,Divinópolis,MG,2020-03-12,0,1
88,3303302,Niterói,RJ,2020-03-12,0,1
89,4303905,Campo Bom,RS,2020-03-12,0,1
91,2910800,Feira de Santana,BA,2020-03-13,1,4
92,3304557,Rio de Janeiro,RJ,2020-03-13,3,17
93,4314902,Porto Alegre,RS,2020-03-13,2,4
94,2927408,Salvador,BA,2020-03-13,3,3
95,1302603,Manaus,AM,2020-03-13,1,1
96,4209102,Joinville,SC,2020-03-13,1,1
97,3550308,São Paulo,SP,2020-03-13,0,62
98,3300407,Barra Mansa,RJ,2020-03-13,0,1
99,3205200,Vila Velha,ES,2020-03-13,0,2
100,5300108,Brasília,DF,2020-03-13,0,3
101,2704302,Maceió,AL,2020-03-13,0,1
102,3547304,Santana de Parnaíba,SP,2020-03-13,0,1
103,3122306,Divinópolis,MG,2020-03-13,0,1
104,3303302,Niterói,RJ,2020-03-13,0,1
105,4303905,Campo Bom,RS,2020-03-13,0,1
106,2611606,Recife,PE,2020-03-13,0,2
107,4305108,Caxias do Sul,RS,2020-03-13,0,1
108,4106902,Curitiba,PR,2020-03-13,0,5
109,4105508,Cianorte,PR,2020-03-13,0,1
110,3515707,Ferraz de Vasconcelos,SP,2020-03-13,0,1
111,4205407,Florianópolis,SC,2020-03-13,0,2
112,3131307,Ipatinga,MG,2020-03-13,0,1
113,5218805,Rio Verde,GO,2020-03-13,0,1
114,5208707,Goiânia,GO,2020-03-13,0,2
115,2408102,Natal,RN,2020-03-13,0,1
117,3304557,Rio de Janeiro,RJ,2020-03-14,5,22
118,5300108,Brasília,DF,2020-03-14,5,8
119,4314902,Porto Alegre,RS,2020-03-14,1,5
120,2611606,Recife,PE,2020-03-14,4,6
121,5208707,Goiânia,GO,2020-03-14,1,3
122,4214300,Rancho Queimado,SC,2020-03-14,2,2
123,26,ESTRANGEIRO,PE,2020-03-14,1,1
124,5002704,Campo Grande,MS,2020-03-14,2,2
125,3136702,Juiz de Fora,MG,2020-03-14,1,1
126,3148103,Patrocínio,MG,2020-03-14,1,1
127,2800308,Aracaju,SE,2020-03-14,1,1
128,3203205,Linhares,ES,2020-03-14,1,1
129,3205309,Vitória,ES,2020-03-14,1,1
130,3510609,Carapicuíba,SP,2020-03-14,1,1
131,3550308,São Paulo,SP,2020-03-14,0,62
132,3300407,Barra Mansa,RJ,2020-03-14,0,1
133,3205200,Vila Velha,ES,2020-03-14,0,2
134,2910800,Feira de Santana,BA,2020-03-14,0,4
135,2704302,Maceió,AL,2020-03-14,0,1
136,3547304,Santana de Parnaíba,SP,2020-03-14,0,1
137,3122306,Divinópolis,MG,2020-03-14,0,1
138,3303302,Niterói,RJ,2020-03-14,0,1
139,4303905,Campo Bom,RS,2020-03-14,0,1
140,4305108,Caxias do Sul,RS,2020-03-14,0,1
141,4106902,Curitiba,PR,2020-03-14,0,5
142,4105508,Cianorte,PR,2020-03-14,0,1
143,3515707,Ferraz de Vasconcelos,SP,2020-03-14,0,1
144,4205407,Florianópolis,SC,2020-03-14,0,2
145,3131307,Ipatinga,MG,2020-03-14,0,1
146,5218805,Rio Verde,GO,2020-03-14,0,1
147,2408102,Natal,RN,2020-03-14,0,1
148,2927408,Salvador,BA,2020-03-14,0,3
149,1302603,Manaus,AM,2020-03-14,0,1
150,4209102,Joinville,SC,2020-03-14,0,1
152,3550308,São Paulo,SP,2020-03-15,69,131
153,2910800,Feira de Santana,BA,2020-03-15,1,5
154,5300108,Brasília,DF,2020-03-15,6,14
155,2611606,Recife,PE,2020-03-15,1,7
156,2927408,Salvador,BA,2020-03-15,1,4
157,4202800,Braço do Norte,SC,2020-03-15,1,1
158,3548708,São Bernardo do Campo,SP,2020-03-15,1,1
159,3548807,São Caetano do Sul,SP,2020-03-15,1,1
160,2304400,Fortaleza,CE,2020-03-15,3,3
161,3300407,Barra Mansa,RJ,2020-03-15,0,1
162,3205200,Vila Velha,ES,2020-03-15,0,2
163,3304557,Rio de Janeiro,RJ,2020-03-15,0,22
164,2704302,Maceió,AL,2020-03-15,0,1
165,3547304,Santana de Parnaíba,SP,2020-03-15,0,1
166,3122306,Divinópolis,MG,2020-03-15,0,1
167,3303302,Niterói,RJ,2020-03-15,0,1
168,4303905,Campo Bom,RS,2020-03-15,0,1
169,4314902,Porto Alegre,RS,2020-03-15,0,5
170,4305108,Caxias do Sul,RS,2020-03-15,0,1
171,4106902,Curitiba,PR,2020-03-15,0,5
172,4105508,Cianorte,PR,2020-03-15,0,1
173,3515707,Ferraz de Vasconcelos,SP,2020-03-15,0,1
174,4205407,Florianópolis,SC,2020-03-15,0,2
175,3131307,Ipatinga,MG,2020-03-15,0,1
176,5218805,Rio Verde,GO,2020-03-15,0,1
177,5208707,Goiânia,GO,2020-03-15,0,3
178,2408102,Natal,RN,2020-03-15,0,1
179,1302603,Manaus,AM,2020-03-15,0,1
180,4209102,Joinville,SC,2020-03-15,0,1
181,4214300,Rancho Queimado,SC,2020-03-15,0,2
182,26,ESTRANGEIRO,PE,2020-03-15,0,1
183,5002704,Campo Grande,MS,2020-03-15,0,2
184,3136702,Juiz de Fora,MG,2020-03-15,0,1
185,3148103,Patrocínio,MG,2020-03-15,0,1
186,2800308,Aracaju,SE,2020-03-15,0,1
187,3203205,Linhares,ES,2020-03-15,0,1
188,3205309,Vitória,ES,2020-03-15,0,1
189,3510609,Carapicuíba,SP,2020-03-15,0,1
191,3550308,São Paulo,SP,2020-03-16,14,145
192,3205200,Vila Velha,ES,2020-03-16,4,6
193,3304557,Rio de Janeiro,RJ,2020-03-16,7,29
194,5300108,Brasília,DF,2020-03-16,5,19
195,4314902,Porto Alegre,RS,2020-03-16,3,8
196,2611606,Recife,PE,2020-03-16,6,13
197,4305108,Caxias do Sul,RS,2020-03-16,1,2
198,4106902,Curitiba,PR,2020-03-16,2,7
199,4205407,Florianópolis,SC,2020-03-16,1,3
200,5218805,Rio Verde,GO,2020-03-16,1,2
201,5208707,Goiânia,GO,2020-03-16,2,5
202,26,ESTRANGEIRO,PE,2020-03-16,2,3
203,5002704,Campo Grande,MS,2020-03-16,2,4
204,3136702,Juiz de Fora,MG,2020-03-16,1,2
205,2800308,Aracaju,SE,2020-03-16,4,5
206,3548708,São Bernardo do Campo,SP,2020-03-16,1,2
207,2304400,Fortaleza,CE,2020-03-16,5,8
208,3119401,Coronel Fabriciano,MG,2020-03-16,1,1
209,3529401,Mauá,SP,2020-03-16,1,1
210,2301000,Aquiraz,CE,2020-03-16,1,1
211,3106200,Belo Horizonte,MG,2020-03-16,1,1
212,5201108,Anápolis,GO,2020-03-16,2,2
213,2925303,Porto Seguro,BA,2020-03-16,1,1
214,2601706,Belo Jardim,PE,2020-03-16,1,1
215,2607901,Jaboatão dos Guararapes,PE,2020-03-16,1,1
216,3300407,Barra Mansa,RJ,2020-03-16,0,1
217,2910800,Feira de Santana,BA,2020-03-16,0,5
218,2704302,Maceió,AL,2020-03-16,0,1
219,3547304,Santana de Parnaíba,SP,2020-03-16,0,1
220,3122306,Divinópolis,MG,2020-03-16,0,1
221,3303302,Niterói,RJ,2020-03-16,0,1
222,4303905,Campo Bom,RS,2020-03-16,0,1
223,4105508,Cianorte,PR,2020-03-16,0,1
224,3515707,Ferraz de Vasconcelos,SP,2020-03-16,0,1
225,3131307,Ipatinga,MG,2020-03-16,0,1
226,2408102,Natal,RN,2020-03-16,0,1
227,2927408,Salvador,BA,2020-03-16,0,4
228,1302603,Manaus,AM,2020-03-16,0,1
229,4209102,Joinville,SC,2020-03-16,0,1
230,4214300,Rancho Queimado,SC,2020-03-16,0,2
231,3148103,Patrocínio,MG,2020-03-16,0,1
232,3203205,Linhares,ES,2020-03-16,0,1
233,3205309,Vitória,ES,2020-03-16,0,1
234,3510609,Carapicuíba,SP,2020-03-16,0,1
235,4202800,Braço do Norte,SC,2020-03-16,0,1
236,3548807,São Caetano do Sul,SP,2020-03-16,0,1
238,3550308,São Paulo,SP,2020-03-17,11,156
239,3304557,Rio de Janeiro,RJ,2020-03-17,3,32
240,5300108,Brasília,DF,2020-03-17,7,26
241,3303302,Niterói,RJ,2020-03-17,5,6
242,4314902,Porto Alegre,RS,2020-03-17,8,16
243,2611606,Recife,PE,2020-03-17,1,14
244,4105508,Cianorte,PR,2020-03-17,1,2
245,5218805,Rio Verde,GO,2020-03-17,1,3
246,2927408,Salvador,BA,2020-03-17,3,7
247,1302603,Manaus,AM,2020-03-17,1,2
248,5002704,Campo Grande,MS,2020-03-17,2,6
249,2304400,Fortaleza,CE,2020-03-17,2,10
250,3106200,Belo Horizonte,MG,2020-03-17,4,5
251,2925303,Porto Seguro,BA,2020-03-17,2,3
252,2925501,Prado,BA,2020-03-17,1,1
253,1200401,Rio Branco,AC,2020-03-17,3,3
254,3547809,Santo André,SP,2020-03-17,1,1
255,3144805,Nova Lima,MG,2020-03-17,1,1
256,3167202,Sete Lagoas,MG,2020-03-17,1,1
257,3170206,Uberlândia,MG,2020-03-17,1,1
258,4104204,Campo Largo,PR,2020-03-17,1,1
259,4119152,Pinhais,PR,2020-03-17,1,1
260,4113700,Londrina,PR,2020-03-17,1,1
261,3300407,Barra Mansa,RJ,2020-03-17,0,1
262,3205200,Vila Velha,ES,2020-03-17,0,6
263,2910800,Feira de Santana,BA,2020-03-17,0,5
264,2704302,Maceió,AL,2020-03-17,0,1
265,3547304,Santana de Parnaíba,SP,2020-03-17,0,1
266,3122306,Divinópolis,MG,2020-03-17,0,1
267,4303905,Campo Bom,RS,2020-03-17,0,1
268,4305108,Caxias do Sul,RS,2020-03-17,0,2
269,4106902,Curitiba,PR,2020-03-17,0,7
270,3515707,Ferraz de Vasconcelos,SP,2020-03-17,0,1
271,4205407,Florianópolis,SC,2020-03-17,0,3
272,3131307,Ipatinga,MG,2020-03-17,0,1
273,5208707,Goiânia,GO,2020-03-17,0,5
274,2408102,Natal,RN,2020-03-17,0,1
275,4209102,Joinville,SC,2020-03-17,0,1
276,4214300,Rancho Queimado,SC,2020-03-17,0,2
277,26,ESTRANGEIRO,PE,2020-03-17,0,3
278,3136702,Juiz de Fora,MG,2020-03-17,0,2
279,3148103,Patrocínio,MG,2020-03-17,0,1
280,2800308,Aracaju,SE,2020-03-17,0,5
281,3203205,Linhares,ES,2020-03-17,0,1
282,3205309,Vitória,ES,2020-03-17,0,1
283,3510609,Carapicuíba,SP,2020-03-17,0,1
284,4202800,Braço do Norte,SC,2020-03-17,0,1
285,3548708,São Bernardo do Campo,SP,2020-03-17,0,2
286,3548807,São Caetano do Sul,SP,2020-03-17,0,1
287,3119401,Coronel Fabriciano,MG,2020-03-17,0,1
288,3529401,Mauá,SP,2020-03-17,0,1
289,2301000,Aquiraz,CE,2020-03-17,0,1
290,5201108,Anápolis,GO,2020-03-17,0,2
291,2601706,Belo Jardim,PE,2020-03-17,0,1
292,2607901,Jaboatão dos Guararapes,PE,2020-03-17,0,1
294,3550308,São Paulo,SP,2020-03-18,72,228
295,3205200,Vila Velha,ES,2020-03-18,1,7
296,3304557,Rio de Janeiro,RJ,2020-03-18,23,55
297,5300108,Brasília,DF,2020-03-18,10,36
298,4303905,Campo Bom,RS,2020-03-18,1,2
299,4314902,Porto Alegre,RS,2020-03-18,5,21
300,2611606,Recife,PE,2020-03-18,3,17
301,4205407,Florianópolis,SC,2020-03-18,2,5
302,2927408,Salvador,BA,2020-03-18,10,17
303,5002704,Campo Grande,MS,2020-03-18,1,7
304,3205309,Vitória,ES,2020-03-18,2,3
305,4202800,Braço do Norte,SC,2020-03-18,1,2
306,3548708,São Bernardo do Campo,SP,2020-03-18,1,3
307,2304400,Fortaleza,CE,2020-03-18,8,18
308,3106200,Belo Horizonte,MG,2020-03-18,5,10
309,2925303,Porto Seguro,BA,2020-03-18,1,4
310,3547809,Santo André,SP,2020-03-18,1,2
311,1721000,Palmas,TO,2020-03-18,1,1
312,5211909,Jataí,GO,2020-03-18,1,1
313,5201405,Aparecida de Goiânia,GO,2020-03-18,1,1
314,4202008,Balneário Camboriú,SC,2020-03-18,2,2
315,4115200,Maringá,PR,2020-03-18,1,1
316,4108304,Foz do Iguaçu,PR,2020-03-18,1,1
317,1501402,Belém,PA,2020-03-18,1,1
318,2805703,Propriá,SE,2020-03-18,1,1
319,2507507,João Pessoa,PB,2020-03-18,1,1
320,3301850,Guapimirim,RJ,2020-03-18,1,1
321,3524709,Jaguariúna,SP,2020-03-18,1,1
322,3549805,São José do Rio Preto,SP,2020-03-18,1,1
323,3509502,Campinas,SP,2020-03-18,1,1
324,3518800,Guarulhos,SP,2020-03-18,1,1
325,3505708,Barueri,SP,2020-03-18,1,1
326,3513009,Cotia,SP,2020-03-18,1,1
327,3170107,Uberaba,MG,2020-03-18,1,1
328,4218707,Tubarão,SC,2020-03-18,1,1
329,42,ESTRANGEIRO,SC,2020-03-18,2,2
330,2312908,Sobral,CE,2020-03-18,1,1
331,4320404,Serafina Corrêa,RS,2020-03-18,1,1
332,4321501,Torres,RS,2020-03-18,1,1
333,4307906,Farroupilha,RS,2020-03-18,1,1
334,3300407,Barra Mansa,RJ,2020-03-18,0,1
335,2910800,Feira de Santana,BA,2020-03-18,0,5
336,2704302,Maceió,AL,2020-03-18,0,1
337,3547304,Santana de Parnaíba,SP,2020-03-18,0,1
338,3122306,Divinópolis,MG,2020-03-18,0,1
339,3303302,Niterói,RJ,2020-03-18,0,6
340,4305108,Caxias do Sul,RS,2020-03-18,0,2
341,4106902,Curitiba,PR,2020-03-18,0,7
342,4105508,Cianorte,PR,2020-03-18,0,2
343,3515707,Ferraz de Vasconcelos,SP,2020-03-18,0,1
344,3131307,Ipatinga,MG,2020-03-18,0,1
345,5218805,Rio Verde,GO,2020-03-18,0,3
346,5208707,Goiânia,GO,2020-03-18,0,5
347,2408102,Natal,RN,2020-03-18,0,1
348,1302603,Manaus,AM,2020-03-18,0,2
349,4209102,Joinville,SC,2020-03-18,0,1
350,4214300,Rancho Queimado,SC,2020-03-18,0,2
351,26,ESTRANGEIRO,PE,2020-03-18,0,3
352,3136702,Juiz de Fora,MG,2020-03-18,0,2
353,3148103,Patrocínio,MG,2020-03-18,0,1
354,2800308,Aracaju,SE,2020-03-18,0,5
355,3203205,Linhares,ES,2020-03-18,0,1
356,3510609,Carapicuíba,SP,2020-03-18,0,1
357,3548807,São Caetano do Sul,SP,2020-03-18,0,1
358,3119401,Coronel Fabriciano,MG,2020-03-18,0,1
359,3529401,Mauá,SP,2020-03-18,0,1
360,2301000,Aquiraz,CE,2020-03-18,0,1
361,5201108,Anápolis,GO,2020-03-18,0,2
362,2601706,Belo Jardim,PE,2020-03-18,0,1
363,2607901,Jaboatão dos Guararapes,PE,2020-03-18,0,1
364,2925501,Prado,BA,2020-03-18,0,1
365,1200401,Rio Branco,AC,2020-03-18,0,3
366,3144805,Nova Lima,MG,2020-03-18,0,1
367,3167202,Sete Lagoas,MG,2020-03-18,0,1
368,3170206,Uberlândia,MG,2020-03-18,0,1
369,4104204,Campo Largo,PR,2020-03-18,0,1
370,4119152,Pinhais,PR,2020-03-18,0,1
371,4113700,Londrina,PR,2020-03-18,0,1
373,3550308,São Paulo,SP,2020-03-19,39,267
374,3304557,Rio de Janeiro,RJ,2020-03-19,1,56
375,5300108,Brasília,DF,2020-03-19,48,84
376,2704302,Maceió,AL,2020-03-19,3,4
377,3303302,Niterói,RJ,2020-03-19,1,7
378,4314902,Porto Alegre,RS,2020-03-19,2,23
379,2611606,Recife,PE,2020-03-19,6,23
380,4106902,Curitiba,PR,2020-03-19,9,16
381,4205407,Florianópolis,SC,2020-03-19,1,6
382,5208707,Goiânia,GO,2020-03-19,3,8
383,2927408,Salvador,BA,2020-03-19,1,18
384,1302603,Manaus,AM,2020-03-19,1,3
385,4209102,Joinville,SC,2020-03-19,1,2
386,5002704,Campo Grande,MS,2020-03-19,1,8
387,3205309,Vitória,ES,2020-03-19,2,5
388,3510609,Carapicuíba,SP,2020-03-19,1,2
389,4202800,Braço do Norte,SC,2020-03-19,2,4
390,2304400,Fortaleza,CE,2020-03-19,4,22
391,3106200,Belo Horizonte,MG,2020-03-19,8,18
392,1200401,Rio Branco,AC,2020-03-19,1,4
393,3144805,Nova Lima,MG,2020-03-19,1,2
394,4202008,Balneário Camboriú,SC,2020-03-19,2,4
395,3513009,Cotia,SP,2020-03-19,1,2
396,4320404,Serafina Corrêa,RS,2020-03-19,1,2
397,4216602,São José,SC,2020-03-19,1,1
398,5007901,Sidrolândia,MS,2020-03-19,1,1
399,2919207,Lauro de Freitas,BA,2020-03-19,2,2
400,2914802,Itabuna,BA,2020-03-19,1,1
401,3302908,Miguel Pereira,RJ,2020-03-19,1,1
402,4301602,Bagé,RS,2020-03-19,2,2
403,4300604,Alvorada,RS,2020-03-19,1,1
404,4307005,Erechim,RS,2020-03-19,2,2
405,4317103,Sant'Ana do Livramento,RS,2020-03-19,1,1
406,2211001,Teresina,PI,2020-03-19,3,3
407,3554102,Taubaté,SP,2020-03-19,1,1
408,3552502,Suzano,SP,2020-03-19,1,1
409,1100122,Ji-Paraná,RO,2020-03-19,1,1
410,2307304,Juazeiro do Norte,CE,2020-03-19,1,1
411,3300407,Barra Mansa,RJ,2020-03-19,0,1
412,3205200,Vila Velha,ES,2020-03-19,0,7
413,2910800,Feira de Santana,BA,2020-03-19,0,5
414,3547304,Santana de Parnaíba,SP,2020-03-19,0,1
415,3122306,Divinópolis,MG,2020-03-19,0,1
416,4303905,Campo Bom,RS,2020-03-19,0,2
417,4305108,Caxias do Sul,RS,2020-03-19,0,2
418,4105508,Cianorte,PR,2020-03-19,0,2
419,3515707,Ferraz de Vasconcelos,SP,2020-03-19,0,1
420,3131307,Ipatinga,MG,2020-03-19,0,1
421,5218805,Rio Verde,GO,2020-03-19,0,3
422,2408102,Natal,RN,2020-03-19,0,1
423,4214300,Rancho Queimado,SC,2020-03-19,0,2
424,26,ESTRANGEIRO,PE,2020-03-19,0,3
425,3136702,Juiz de Fora,MG,2020-03-19,0,2
426,3148103,Patrocínio,MG,2020-03-19,0,1
427,2800308,Aracaju,SE,2020-03-19,0,5
428,3203205,Linhares,ES,2020-03-19,0,1
429,3548708,São Bernardo do Campo,SP,2020-03-19,0,3
430,3548807,São Caetano do Sul,SP,2020-03-19,0,1
431,3119401,Coronel Fabriciano,MG,2020-03-19,0,1
432,3529401,Mauá,SP,2020-03-19,0,1
433,2301000,Aquiraz,CE,2020-03-19,0,1
434,5201108,Anápolis,GO,2020-03-19,0,2
435,2925303,Porto Seguro,BA,2020-03-19,0,4
436,2601706,Belo Jardim,PE,2020-03-19,0,1
437,2607901,Jaboatão dos Guararapes,PE,2020-03-19,0,1
438,2925501,Prado,BA,2020-03-19,0,1
439,3547809,Santo André,SP,2020-03-19,0,2
440,3167202,Sete Lagoas,MG,2020-03-19,0,1
441,3170206,Uberlândia,MG,2020-03-19,0,1
442,4104204,Campo Largo,PR,2020-03-19,0,1
443,4119152,Pinhais,PR,2020-03-19,0,1
444,4113700,Londrina,PR,2020-03-19,0,1
445,1721000,Palmas,TO,2020-03-19,0,1
446,5211909,Jataí,GO,2020-03-19,0,1
447,5201405,Aparecida de Goiânia,GO,2020-03-19,0,1
448,4115200,Maringá,PR,2020-03-19,0,1
449,4108304,Foz do Iguaçu,PR,2020-03-19,0,1
450,1501402,Belém,PA,2020-03-19,0,1
451,2805703,Propriá,SE,2020-03-19,0,1
452,2507507,João Pessoa,PB,2020-03-19,0,1
453,3301850,Guapimirim,RJ,2020-03-19,0,1
454,3524709,Jaguariúna,SP,2020-03-19,0,1
455,3549805,São José do Rio Preto,SP,2020-03-19,0,1
456,3509502,Campinas,SP,2020-03-19,0,1
457,3518800,Guarulhos,SP,2020-03-19,0,1
458,3505708,Barueri,SP,2020-03-19,0,1
459,3170107,Uberaba,MG,2020-03-19,0,1
460,4218707,Tubarão,SC,2020-03-19,0,1
461,42,ESTRANGEIRO,SC,2020-03-19,0,2
462,2312908,Sobral,CE,2020-03-19,0,1
463,4321501,Torres,RS,2020-03-19,0,1
464,4307906,Farroupilha,RS,2020-03-19,0,1
466,3550308,São Paulo,SP,2020-03-20,99,366
467,2910800,Feira de Santana,BA,2020-03-20,1,6
468,3304557,Rio de Janeiro,RJ,2020-03-20,38,94
469,5300108,Brasília,DF,2020-03-20,24,108
470,2704302,Maceió,AL,2020-03-20,2,6
471,3547304,Santana de Parnaíba,SP,2020-03-20,1,2
472,3303302,Niterói,RJ,2020-03-20,3,10
473,4314902,Porto Alegre,RS,2020-03-20,9,32
474,2611606,Recife,PE,2020-03-20,1,24
475,4106902,Curitiba,PR,2020-03-20,10,26
476,4205407,Florianópolis,SC,2020-03-20,4,10
477,5208707,Goiânia,GO,2020-03-20,2,10
478,2408102,Natal,RN,2020-03-20,4,5
479,1302603,Manaus,AM,2020-03-20,4,7
480,4209102,Joinville,SC,2020-03-20,1,3
481,5002704,Campo Grande,MS,2020-03-20,3,11
482,3136702,Juiz de Fora,MG,2020-03-20,3,5
483,3205309,Vitória,ES,2020-03-20,1,6
484,3548708,São Bernardo do Campo,SP,2020-03-20,1,4
485,3548807,São Caetano do Sul,SP,2020-03-20,3,4
486,2304400,Fortaleza,CE,2020-03-20,42,64
487,3106200,Belo Horizonte,MG,2020-03-20,2,20
488,2607901,Jaboatão dos Guararapes,PE,2020-03-20,2,3
489,1200401,Rio Branco,AC,2020-03-20,3,7
490,3547809,Santo André,SP,2020-03-20,1,3
491,3144805,Nova Lima,MG,2020-03-20,2,4
492,4113700,Londrina,PR,2020-03-20,2,3
493,5201405,Aparecida de Goiânia,GO,2020-03-20,1,2
494,1501402,Belém,PA,2020-03-20,1,2
495,2805703,Propriá,SE,2020-03-20,1,2
496,4218707,Tubarão,SC,2020-03-20,4,5
497,4321501,Torres,RS,2020-03-20,1,2
498,2919207,Lauro de Freitas,BA,2020-03-20,1,3
499,4300604,Alvorada,RS,2020-03-20,1,2
500,4307005,Erechim,RS,2020-03-20,1,3
501,4317103,Sant'Ana do Livramento,RS,2020-03-20,1,2
502,2211001,Teresina,PI,2020-03-20,1,4
503,2304459,Fortim,CE,2020-03-20,1,1
504,1600303,Macapá,AP,2020-03-20,1,1
505,4208203,Itajaí,SC,2020-03-20,1,1
506,4211306,Navegantes,SC,2020-03-20,1,1
507,4213203,Pomerode,SC,2020-03-20,1,1
508,4208906,Jaraguá do Sul,SC,2020-03-20,1,1
509,4207304,Imbituba,SC,2020-03-20,2,2
510,4204608,Criciúma,SC,2020-03-20,3,3
511,4204202,Chapecó,SC,2020-03-20,1,1
512,4108809,Guaíra,PR,2020-03-20,1,1
513,2905701,Camaçari,BA,2020-03-20,1,1
514,3303906,Petrópolis,RJ,2020-03-20,2,2
515,4310801,Ivoti,RS,2020-03-20,2,2
516,4305355,Charqueadas,RS,2020-03-20,1,1
517,4318705,São Leopoldo,RS,2020-03-20,1,1
518,4321204,Taquara,RS,2020-03-20,1,1
519,4306403,Dois Irmãos,RS,2020-03-20,1,1
520,4306767,Eldorado do Sul,RS,2020-03-20,1,1
521,4304606,Canoas,RS,2020-03-20,2,2
522,3201308,Cariacica,ES,2020-03-20,1,1
523,3201209,Cachoeiro de Itapemirim,ES,2020-03-20,1,1
524,2111300,São Luís,MA,2020-03-20,1,1
525,2403251,Parnamirim,RN,2020-03-20,1,1
526,3140001,Mariana,MG,2020-03-20,1,1
527,3151800,Poços de Caldas,MG,2020-03-20,1,1
528,3534401,Osasco,SP,2020-03-20,1,1
529,3549904,São José dos Campos,SP,2020-03-20,1,1
530,3519071,Hortolândia,SP,2020-03-20,1,1
531,3530607,Mogi das Cruzes,SP,2020-03-20,1,1
532,4302105,Bento Gonçalves,RS,2020-03-20,1,1
533,5103403,Cuiabá,MT,2020-03-20,1,1
534,3300407,Barra Mansa,RJ,2020-03-20,0,1
535,3205200,Vila Velha,ES,2020-03-20,0,7
536,3122306,Divinópolis,MG,2020-03-20,0,1
537,4303905,Campo Bom,RS,2020-03-20,0,2
538,4305108,Caxias do Sul,RS,2020-03-20,0,2
539,4105508,Cianorte,PR,2020-03-20,0,2
540,3515707,Ferraz de Vasconcelos,SP,2020-03-20,0,1
541,3131307,Ipatinga,MG,2020-03-20,0,1
542,5218805,Rio Verde,GO,2020-03-20,0,3
543,2927408,Salvador,BA,2020-03-20,0,18
544,4214300,Rancho Queimado,SC,2020-03-20,0,2
545,26,ESTRANGEIRO,PE,2020-03-20,0,3
546,3148103,Patrocínio,MG,2020-03-20,0,1
547,2800308,Aracaju,SE,2020-03-20,0,5
548,3203205,Linhares,ES,2020-03-20,0,1
549,3510609,Carapicuíba,SP,2020-03-20,0,2
550,4202800,Braço do Norte,SC,2020-03-20,0,4
551,3119401,Coronel Fabriciano,MG,2020-03-20,0,1
552,3529401,Mauá,SP,2020-03-20,0,1
553,2301000,Aquiraz,CE,2020-03-20,0,1
554,5201108,Anápolis,GO,2020-03-20,0,2
555,2925303,Porto Seguro,BA,2020-03-20,0,4
556,2601706,Belo Jardim,PE,2020-03-20,0,1
557,2925501,Prado,BA,2020-03-20,0,1
558,3167202,Sete Lagoas,MG,2020-03-20,0,1
559,3170206,Uberlândia,MG,2020-03-20,0,1
560,4104204,Campo Largo,PR,2020-03-20,0,1
561,4119152,Pinhais,PR,2020-03-20,0,1
562,1721000,Palmas,TO,2020-03-20,0,1
563,5211909,Jataí,GO,2020-03-20,0,1
564,4202008,Balneário Camboriú,SC,2020-03-20,0,4
565,4115200,Maringá,PR,2020-03-20,0,1
566,4108304,Foz do Iguaçu,PR,2020-03-20,0,1
567,2507507,João Pessoa,PB,2020-03-20,0,1
568,3301850,Guapimirim,RJ,2020-03-20,0,1
569,3524709,Jaguariúna,SP,2020-03-20,0,1
570,3549805,São José do Rio Preto,SP,2020-03-20,0,1
571,3509502,Campinas,SP,2020-03-20,0,1
572,3518800,Guarulhos,SP,2020-03-20,0,1
573,3505708,Barueri,SP,2020-03-20,0,1
574,3513009,Cotia,SP,2020-03-20,0,2
575,3170107,Uberaba,MG,2020-03-20,0,1
576,42,ESTRANGEIRO,SC,2020-03-20,0,2
577,2312908,Sobral,CE,2020-03-20,0,1
578,4320404,Serafina Corrêa,RS,2020-03-20,0,2
579,4307906,Farroupilha,RS,2020-03-20,0,1
580,4216602,São José,SC,2020-03-20,0,1
581,5007901,Sidrolândia,MS,2020-03-20,0,1
582,2914802,Itabuna,BA,2020-03-20,0,1
583,3302908,Miguel Pereira,RJ,2020-03-20,0,1
584,4301602,Bagé,RS,2020-03-20,0,2
585,3554102,Taubaté,SP,2020-03-20,0,1
586,3552502,Suzano,SP,2020-03-20,0,1
587,1100122,Ji-Paraná,RO,2020-03-20,0,1
588,2307304,Juazeiro do Norte,CE,2020-03-20,0,1
590,3550308,São Paulo,SP,2020-03-21,52,418
591,3205200,Vila Velha,ES,2020-03-21,4,11
592,3304557,Rio de Janeiro,RJ,2020-03-21,9,103
593,5300108,Brasília,DF,2020-03-21,4,112
594,2704302,Maceió,AL,2020-03-21,1,7
595,4314902,Porto Alegre,RS,2020-03-21,4,36
596,2611606,Recife,PE,2020-03-21,2,26
597,4106902,Curitiba,PR,2020-03-21,5,31
598,5218805,Rio Verde,GO,2020-03-21,2,5
599,2408102,Natal,RN,2020-03-21,1,6
600,2927408,Salvador,BA,2020-03-21,5,23
601,1302603,Manaus,AM,2020-03-21,4,11
602,4209102,Joinville,SC,2020-03-21,1,4
603,5002704,Campo Grande,MS,2020-03-21,3,14
604,2800308,Aracaju,SE,2020-03-21,2,7
605,3203205,Linhares,ES,2020-03-21,1,2
606,3205309,Vitória,ES,2020-03-21,5,11
607,4202800,Braço do Norte,SC,2020-03-21,2,6
608,2304400,Fortaleza,CE,2020-03-21,13,77
609,3529401,Mauá,SP,2020-03-21,1,2
610,2301000,Aquiraz,CE,2020-03-21,3,4
611,3106200,Belo Horizonte,MG,2020-03-21,13,33
612,2925303,Porto Seguro,BA,2020-03-21,1,5
613,2925501,Prado,BA,2020-03-21,1,2
614,1200401,Rio Branco,AC,2020-03-21,4,11
615,3547809,Santo André,SP,2020-03-21,3,6
616,3170206,Uberlândia,MG,2020-03-21,2,3
617,1721000,Palmas,TO,2020-03-21,1,2
618,4202008,Balneário Camboriú,SC,2020-03-21,2,6
619,3509502,Campinas,SP,2020-03-21,3,4
620,3170107,Uberaba,MG,2020-03-21,2,3
621,4216602,São José,SC,2020-03-21,1,2
622,4301602,Bagé,RS,2020-03-21,1,3
623,4208203,Itajaí,SC,2020-03-21,5,6
624,4204608,Criciúma,SC,2020-03-21,3,6
625,4204202,Chapecó,SC,2020-03-21,1,2
626,3303906,Petrópolis,RJ,2020-03-21,1,3
627,2111300,São Luís,MA,2020-03-21,1,2
628,2403251,Parnamirim,RN,2020-03-21,1,2
629,4302105,Bento Gonçalves,RS,2020-03-21,1,2
630,4119905,Ponta Grossa,PR,2020-03-21,1,1
631,4118501,Pato Branco,PR,2020-03-21,1,1
632,4208807,Jaguaruna,SC,2020-03-21,1,1
633,4206207,Gravatal,SC,2020-03-21,1,1
634,5108402,Várzea Grande,MT,2020-03-21,1,1
635,3556206,Valinhos,SP,2020-03-21,1,1
636,3552809,Taboão da Serra,SP,2020-03-21,1,1
637,3539806,Poá,SP,2020-03-21,1,1
638,3509007,Caieiras,SP,2020-03-21,1,1
639,5006606,Ponta Porã,MS,2020-03-21,1,1
640,2804508,Nossa Senhora da Glória,SE,2020-03-21,1,1
641,1100205,Porto Velho,RO,2020-03-21,2,2
642,1400100,Boa Vista,RR,2020-03-21,2,2
643,4304804,Carlos Barbosa,RS,2020-03-21,1,1
644,4307609,Estância Velha,RS,2020-03-21,1,1
645,4307807,Estrela,RS,2020-03-21,1,1
646,4311403,Lajeado,RS,2020-03-21,1,1
647,4316907,Santa Maria,RS,2020-03-21,1,1
648,4323002,Viamão,RS,2020-03-21,1,1
649,2408003,Mossoró,RN,2020-03-21,1,1
650,3300407,Barra Mansa,RJ,2020-03-21,0,1
651,2910800,Feira de Santana,BA,2020-03-21,0,6
652,3547304,Santana de Parnaíba,SP,2020-03-21,0,2
653,3122306,Divinópolis,MG,2020-03-21,0,1
654,3303302,Niterói,RJ,2020-03-21,0,10
655,4303905,Campo Bom,RS,2020-03-21,0,2
656,4305108,Caxias do Sul,RS,2020-03-21,0,2
657,4105508,Cianorte,PR,2020-03-21,0,2
658,3515707,Ferraz de Vasconcelos,SP,2020-03-21,0,1
659,4205407,Florianópolis,SC,2020-03-21,0,10
660,3131307,Ipatinga,MG,2020-03-21,0,1
661,5208707,Goiânia,GO,2020-03-21,0,10
662,4214300,Rancho Queimado,SC,2020-03-21,0,2
663,26,ESTRANGEIRO,PE,2020-03-21,0,3
664,3136702,Juiz de Fora,MG,2020-03-21,0,5
665,3148103,Patrocínio,MG,2020-03-21,0,1
666,3510609,Carapicuíba,SP,2020-03-21,0,2
667,3548708,São Bernardo do Campo,SP,2020-03-21,0,4
668,3548807,São Caetano do Sul,SP,2020-03-21,0,4
669,3119401,Coronel Fabriciano,MG,2020-03-21,0,1
670,5201108,Anápolis,GO,2020-03-21,0,2
671,2601706,Belo Jardim,PE,2020-03-21,0,1
672,2607901,Jaboatão dos Guararapes,PE,2020-03-21,0,3
673,3144805,Nova Lima,MG,2020-03-21,0,4
674,3167202,Sete Lagoas,MG,2020-03-21,0,1
675,4104204,Campo Largo,PR,2020-03-21,0,1
676,4119152,Pinhais,PR,2020-03-21,0,1
677,4113700,Londrina,PR,2020-03-21,0,3
678,5211909,Jataí,GO,2020-03-21,0,1
679,5201405,Aparecida de Goiânia,GO,2020-03-21,0,2
680,4115200,Maringá,PR,2020-03-21,0,1
681,4108304,Foz do Iguaçu,PR,2020-03-21,0,1
682,1501402,Belém,PA,2020-03-21,0,2
683,2805703,Propriá,SE,2020-03-21,0,2
684,2507507,João Pessoa,PB,2020-03-21,0,1
685,3301850,Guapimirim,RJ,2020-03-21,0,1
686,3524709,Jaguariúna,SP,2020-03-21,0,1
687,3549805,São José do Rio Preto,SP,2020-03-21,0,1
688,3518800,Guarulhos,SP,2020-03-21,0,1
689,3505708,Barueri,SP,2020-03-21,0,1
690,3513009,Cotia,SP,2020-03-21,0,2
691,4218707,Tubarão,SC,2020-03-21,0,5
692,42,ESTRANGEIRO,SC,2020-03-21,0,2
693,2312908,Sobral,CE,2020-03-21,0,1
694,4320404,Serafina Corrêa,RS,2020-03-21,0,2
695,4321501,Torres,RS,2020-03-21,0,2
696,4307906,Farroupilha,RS,2020-03-21,0,1
697,5007901,Sidrolândia,MS,2020-03-21,0,1
698,2919207,Lauro de Freitas,BA,2020-03-21,0,3
699,2914802,Itabuna,BA,2020-03-21,0,1
700,3302908,Miguel Pereira,RJ,2020-03-21,0,1
701,4300604,Alvorada,RS,2020-03-21,0,2
702,4307005,Erechim,RS,2020-03-21,0,3
703,4317103,Sant'Ana do Livramento,RS,2020-03-21,0,2
704,2211001,Teresina,PI,2020-03-21,0,4
705,3554102,Taubaté,SP,2020-03-21,0,1
706,3552502,Suzano,SP,2020-03-21,0,1
707,1100122,Ji-Paraná,RO,2020-03-21,0,1
708,2307304,Juazeiro do Norte,CE,2020-03-21,0,1
709,2304459,Fortim,CE,2020-03-21,0,1
710,1600303,Macapá,AP,2020-03-21,0,1
711,4211306,Navegantes,SC,2020-03-21,0,1
712,4213203,Pomerode,SC,2020-03-21,0,1
713,4208906,Jaraguá do Sul,SC,2020-03-21,0,1
714,4207304,Imbituba,SC,2020-03-21,0,2
715,4108809,Guaíra,PR,2020-03-21,0,1
716,2905701,Camaçari,BA,2020-03-21,0,1
717,4310801,Ivoti,RS,2020-03-21,0,2
718,4305355,Charqueadas,RS,2020-03-21,0,1
719,4318705,São Leopoldo,RS,2020-03-21,0,1
720,4321204,Taquara,RS,2020-03-21,0,1
721,4306403,Dois Irmãos,RS,2020-03-21,0,1
722,4306767,Eldorado do Sul,RS,2020-03-21,0,1
723,4304606,Canoas,RS,2020-03-21,0,2
724,3201308,Cariacica,ES,2020-03-21,0,1
725,3201209,Cachoeiro de Itapemirim,ES,2020-03-21,0,1
726,3140001,Mariana,MG,2020-03-21,0,1
727,3151800,Poços de Caldas,MG,2020-03-21,0,1
728,3534401,Osasco,SP,2020-03-21,0,1
729,3549904,São José dos Campos,SP,2020-03-21,0,1
730,3519071,Hortolândia,SP,2020-03-21,0,1
731,3530607,Mogi das Cruzes,SP,2020-03-21,0,1
732,5103403,Cuiabá,MT,2020-03-21,0,1
734,3550308,São Paulo,SP,2020-03-22,165,583
735,3304557,Rio de Janeiro,RJ,2020-03-22,67,170
736,5300108,Brasília,DF,2020-03-22,22,134
737,4314902,Porto Alegre,RS,2020-03-22,4,40
738,2611606,Recife,PE,2020-03-22,3,29
739,4105508,Cianorte,PR,2020-03-22,2,4
740,5208707,Goiânia,GO,2020-03-22,1,11
741,2408102,Natal,RN,2020-03-22,3,9
742,2927408,Salvador,BA,2020-03-22,10,33
743,1302603,Manaus,AM,2020-03-22,14,25
744,5002704,Campo Grande,MS,2020-03-22,5,19
745,4202800,Braço do Norte,SC,2020-03-22,1,7
746,2304400,Fortaleza,CE,2020-03-22,40,117
747,2301000,Aquiraz,CE,2020-03-22,1,5
748,3106200,Belo Horizonte,MG,2020-03-22,27,60
749,2925303,Porto Seguro,BA,2020-03-22,2,7
750,3547809,Santo André,SP,2020-03-22,6,12
751,3170206,Uberlândia,MG,2020-03-22,1,4
752,4119152,Pinhais,PR,2020-03-22,1,2
753,1721000,Palmas,TO,2020-03-22,3,5
754,4108304,Foz do Iguaçu,PR,2020-03-22,3,4
755,1501402,Belém,PA,2020-03-22,2,4
756,4321501,Torres,RS,2020-03-22,1,3
757,4216602,São José,SC,2020-03-22,1,3
758,4301602,Bagé,RS,2020-03-22,3,6
759,2211001,Teresina,PI,2020-03-22,2,6
760,4208203,Itajaí,SC,2020-03-22,1,7
761,4204608,Criciúma,SC,2020-03-22,1,7
762,4304606,Canoas,RS,2020-03-22,1,3
763,2403251,Parnamirim,RN,2020-03-22,1,3
764,4311403,Lajeado,RS,2020-03-22,2,3
765,2903201,Barreiras,BA,2020-03-22,1,1
766,3550704,São Sebastião,SP,2020-03-22,1,1
767,2609600,Olinda,PE,2020-03-22,1,1
768,4105805,Colombo,PR,2020-03-22,1,1
769,1303403,Parintins,AM,2020-03-22,1,1
770,2908507,Conceição do Jacuípe,BA,2020-03-22,1,1
771,4317608,Santo Antônio da Patrulha,RS,2020-03-22,1,1
772,41,FORA DO ESTADO,PR,2020-03-22,4,4
773,4202404,Blumenau,SC,2020-03-22,6,6
774,4209300,Lages,SC,2020-03-22,1,1
775,4313508,Osório,RS,2020-03-22,1,1
776,3300407,Barra Mansa,RJ,2020-03-22,0,1
777,3205200,Vila Velha,ES,2020-03-22,0,11
778,2910800,Feira de Santana,BA,2020-03-22,0,6
779,2704302,Maceió,AL,2020-03-22,0,7
780,3547304,Santana de Parnaíba,SP,2020-03-22,0,2
781,3122306,Divinópolis,MG,2020-03-22,0,1
782,3303302,Niterói,RJ,2020-03-22,0,10
783,4303905,Campo Bom,RS,2020-03-22,0,2
784,4305108,Caxias do Sul,RS,2020-03-22,0,2
785,4106902,Curitiba,PR,2020-03-22,0,31
786,3515707,Ferraz de Vasconcelos,SP,2020-03-22,0,1
787,4205407,Florianópolis,SC,2020-03-22,0,10
788,3131307,Ipatinga,MG,2020-03-22,0,1
789,5218805,Rio Verde,GO,2020-03-22,0,5
790,4209102,Joinville,SC,2020-03-22,0,4
791,4214300,Rancho Queimado,SC,2020-03-22,0,2
792,26,ESTRANGEIRO,PE,2020-03-22,0,3
793,3136702,Juiz de Fora,MG,2020-03-22,0,5
794,3148103,Patrocínio,MG,2020-03-22,0,1
795,2800308,Aracaju,SE,2020-03-22,0,7
796,3203205,Linhares,ES,2020-03-22,0,2
797,3205309,Vitória,ES,2020-03-22,0,11
798,3510609,Carapicuíba,SP,2020-03-22,0,2
799,3548708,São Bernardo do Campo,SP,2020-03-22,0,4
800,3548807,São Caetano do Sul,SP,2020-03-22,0,4
801,3119401,Coronel Fabriciano,MG,2020-03-22,0,1
802,3529401,Mauá,SP,2020-03-22,0,2
803,5201108,Anápolis,GO,2020-03-22,0,2
804,2601706,Belo Jardim,PE,2020-03-22,0,1
805,2607901,Jaboatão dos Guararapes,PE,2020-03-22,0,3
806,2925501,Prado,BA,2020-03-22,0,2
807,1200401,Rio Branco,AC,2020-03-22,0,11
808,3144805,Nova Lima,MG,2020-03-22,0,4
809,3167202,Sete Lagoas,MG,2020-03-22,0,1
810,4104204,Campo Largo,PR,2020-03-22,0,1
811,4113700,Londrina,PR,2020-03-22,0,3
812,5211909,Jataí,GO,2020-03-22,0,1
813,5201405,Aparecida de Goiânia,GO,2020-03-22,0,2
814,4202008,Balneário Camboriú,SC,2020-03-22,0,6
815,4115200,Maringá,PR,2020-03-22,0,1
816,2805703,Propriá,SE,2020-03-22,0,2
817,2507507,João Pessoa,PB,2020-03-22,0,1
818,3301850,Guapimirim,RJ,2020-03-22,0,1
819,3524709,Jaguariúna,SP,2020-03-22,0,1
820,3549805,São José do Rio Preto,SP,2020-03-22,0,1
821,3509502,Campinas,SP,2020-03-22,0,4
822,3518800,Guarulhos,SP,2020-03-22,0,1
823,3505708,Barueri,SP,2020-03-22,0,1
824,3513009,Cotia,SP,2020-03-22,0,2
825,3170107,Uberaba,MG,2020-03-22,0,3
826,4218707,Tubarão,SC,2020-03-22,0,5
827,42,ESTRANGEIRO,SC,2020-03-22,0,2
828,2312908,Sobral,CE,2020-03-22,0,1
829,4320404,Serafina Corrêa,RS,2020-03-22,0,2
830,4307906,Farroupilha,RS,2020-03-22,0,1
831,5007901,Sidrolândia,MS,2020-03-22,0,1
832,2919207,Lauro de Freitas,BA,2020-03-22,0,3
833,2914802,Itabuna,BA,2020-03-22,0,1
834,3302908,Miguel Pereira,RJ,2020-03-22,0,1
835,4300604,Alvorada,RS,2020-03-22,0,2
836,4307005,Erechim,RS,2020-03-22,0,3
837,4317103,Sant'Ana do Livramento,RS,2020-03-22,0,2
838,3554102,Taubaté,SP,2020-03-22,0,1
839,3552502,Suzano,SP,2020-03-22,0,1
840,1100122,Ji-Paraná,RO,2020-03-22,0,1
841,2307304,Juazeiro do Norte,CE,2020-03-22,0,1
842,2304459,Fortim,CE,2020-03-22,0,1
843,1600303,Macapá,AP,2020-03-22,0,1
844,4211306,Navegantes,SC,2020-03-22,0,1
845,4213203,Pomerode,SC,2020-03-22,0,1
846,4208906,Jaraguá do Sul,SC,2020-03-22,0,1
847,4207304,Imbituba,SC,2020-03-22,0,2
848,4204202,Chapecó,SC,2020-03-22,0,2
849,4108809,Guaíra,PR,2020-03-22,0,1
850,2905701,Camaçari,BA,2020-03-22,0,1
851,3303906,Petrópolis,RJ,2020-03-22,0,3
852,4310801,Ivoti,RS,2020-03-22,0,2
853,4305355,Charqueadas,RS,2020-03-22,0,1
854,4318705,São Leopoldo,RS,2020-03-22,0,1
855,4321204,Taquara,RS,2020-03-22,0,1
856,4306403,Dois Irmãos,RS,2020-03-22,0,1
857,4306767,Eldorado do Sul,RS,2020-03-22,0,1
858,3201308,Cariacica,ES,2020-03-22,0,1
859,3201209,Cachoeiro de Itapemirim,ES,2020-03-22,0,1
860,2111300,São Luís,MA,2020-03-22,0,2
861,3140001,Mariana,MG,2020-03-22,0,1
862,3151800,Poços de Caldas,MG,2020-03-22,0,1
863,3534401,Osasco,SP,2020-03-22,0,1
864,3549904,São José dos Campos,SP,2020-03-22,0,1
865,3519071,Hortolândia,SP,2020-03-22,0,1
866,3530607,Mogi das Cruzes,SP,2020-03-22,0,1
867,4302105,Bento Gonçalves,RS,2020-03-22,0,2
868,5103403,Cuiabá,MT,2020-03-22,0,1
869,4119905,Ponta Grossa,PR,2020-03-22,0,1
870,4118501,Pato Branco,PR,2020-03-22,0,1
871,4208807,Jaguaruna,SC,2020-03-22,0,1
872,4206207,Gravatal,SC,2020-03-22,0,1
873,5108402,Várzea Grande,MT,2020-03-22,0,1
874,3556206,Valinhos,SP,2020-03-22,0,1
875,3552809,Taboão da Serra,SP,2020-03-22,0,1
876,3539806,Poá,SP,2020-03-22,0,1
877,3509007,Caieiras,SP,2020-03-22,0,1
878,5006606,Ponta Porã,MS,2020-03-22,0,1
879,2804508,Nossa Senhora da Glória,SE,2020-03-22,0,1
880,1100205,Porto Velho,RO,2020-03-22,0,2
881,1400100,Boa Vista,RR,2020-03-22,0,2
882,4304804,Carlos Barbosa,RS,2020-03-22,0,1
883,4307609,Estância Velha,RS,2020-03-22,0,1
884,4307807,Estrela,RS,2020-03-22,0,1
885,4316907,Santa Maria,RS,2020-03-22,0,1
886,4323002,Viamão,RS,2020-03-22,0,1
887,2408003,Mossoró,RN,2020-03-22,0,1
889,3550308,São Paulo,SP,2020-03-23,104,687
890,3205200,Vila Velha,ES,2020-03-23,2,13
891,3304557,Rio de Janeiro,RJ,2020-03-23,42,212
892,5300108,Brasília,DF,2020-03-23,12,146
893,4314902,Porto Alegre,RS,2020-03-23,1,41
894,2611606,Recife,PE,2020-03-23,1,30
895,4106902,Curitiba,PR,2020-03-23,3,34
896,4105508,Cianorte,PR,2020-03-23,2,6
897,4205407,Florianópolis,SC,2020-03-23,5,15
898,5208707,Goiânia,GO,2020-03-23,1,12
899,2927408,Salvador,BA,2020-03-23,4,37
900,1302603,Manaus,AM,2020-03-23,6,31
901,3136702,Juiz de Fora,MG,2020-03-23,3,8
902,3205309,Vitória,ES,2020-03-23,3,14
903,4202800,Braço do Norte,SC,2020-03-23,2,9
904,2304400,Fortaleza,CE,2020-03-23,36,153
905,2301000,Aquiraz,CE,2020-03-23,1,6
906,3106200,Belo Horizonte,MG,2020-03-23,27,87
907,2925303,Porto Seguro,BA,2020-03-23,1,8
908,1200401,Rio Branco,AC,2020-03-23,6,17
909,3144805,Nova Lima,MG,2020-03-23,3,7
910,3167202,Sete Lagoas,MG,2020-03-23,1,2
911,3170206,Uberlândia,MG,2020-03-23,3,7
912,1721000,Palmas,TO,2020-03-23,2,7
913,4218707,Tubarão,SC,2020-03-23,1,6
914,2312908,Sobral,CE,2020-03-23,2,3
915,4216602,São José,SC,2020-03-23,1,4
916,4301602,Bagé,RS,2020-03-23,1,7
917,4317103,Sant'Ana do Livramento,RS,2020-03-23,1,3
918,4208906,Jaraguá do Sul,SC,2020-03-23,1,2
919,4204608,Criciúma,SC,2020-03-23,2,9
920,4304606,Canoas,RS,2020-03-23,2,5
921,2111300,São Luís,MA,2020-03-23,6,8
922,3140001,Mariana,MG,2020-03-23,1,2
923,3549904,São José dos Campos,SP,2020-03-23,1,2
924,5103403,Cuiabá,MT,2020-03-23,4,5
925,4206207,Gravatal,SC,2020-03-23,1,2
926,4316907,Santa Maria,RS,2020-03-23,1,2
927,3550704,São Sebastião,SP,2020-03-23,1,2
928,2609600,Olinda,PE,2020-03-23,1,2
929,4202404,Blumenau,SC,2020-03-23,1,7
930,35,FORA DO ESTADO,SP,2020-03-23,5,5
931,3521408,Iracemápolis,SP,2020-03-23,1,1
932,3525904,Jundiaí,SP,2020-03-23,1,1
933,3515004,Embu,SP,2020-03-23,1,1
934,3304904,São Gonçalo,RJ,2020-03-23,3,3
935,2918407,Juazeiro,BA,2020-03-23,1,1
936,2918001,Jequié,BA,2020-03-23,1,1
937,2904605,Brumado,BA,2020-03-23,1,1
938,3106705,Betim,MG,2020-03-23,1,1
939,3107406,Bom Despacho,MG,2020-03-23,1,1
940,3111507,Campos Altos,MG,2020-03-23,1,1
941,3118601,Contagem,MG,2020-03-23,2,2
942,3137205,Lagoa da Prata,MG,2020-03-23,1,1
943,3168705,Timóteo,MG,2020-03-23,1,1
944,26,FORA DO ESTADO,PE,2020-03-23,1,1
945,2604106,Caruaru,PE,2020-03-23,1,1
946,2611101,Petrolina,PE,2020-03-23,1,1
947,5205109,Catalão,GO,2020-03-23,1,1
948,1504208,Marabá,PA,2020-03-23,1,1
949,2502607,Igaracy,PB,2020-03-23,1,1
950,4315602,Rio Grande,RS,2020-03-23,1,1
951,4317400,Santiago,RS,2020-03-23,1,1
952,4319901,Sapiranga,RS,2020-03-23,1,1
953,4306205,Cruzeiro do Sul,RS,2020-03-23,1,1
954,4304630,Capão da Canoa,RS,2020-03-23,1,1
955,4213500,Porto Belo,SC,2020-03-23,2,2
956,4205902,Gaspar,SC,2020-03-23,1,1
957,4207007,Içara,SC,2020-03-23,1,1
958,4104808,Cascavel,PR,2020-03-23,1,1
959,3205002,Serra,ES,2020-03-23,1,1
960,3204609,Santa Teresa,ES,2020-03-23,1,1
961,27,FORA DO ESTADO,AL,2020-03-23,1,1
962,3300407,Barra Mansa,RJ,2020-03-23,0,1
963,2910800,Feira de Santana,BA,2020-03-23,0,6
964,2704302,Maceió,AL,2020-03-23,0,7
965,3547304,Santana de Parnaíba,SP,2020-03-23,0,2
966,3122306,Divinópolis,MG,2020-03-23,0,1
967,3303302,Niterói,RJ,2020-03-23,0,10
968,4303905,Campo Bom,RS,2020-03-23,0,2
969,4305108,Caxias do Sul,RS,2020-03-23,0,2
970,3515707,Ferraz de Vasconcelos,SP,2020-03-23,0,1
971,3131307,Ipatinga,MG,2020-03-23,0,1
972,5218805,Rio Verde,GO,2020-03-23,0,5
973,2408102,Natal,RN,2020-03-23,0,9
974,4209102,Joinville,SC,2020-03-23,0,4
975,4214300,Rancho Queimado,SC,2020-03-23,0,2
976,26,ESTRANGEIRO,PE,2020-03-23,0,3
977,5002704,Campo Grande,MS,2020-03-23,0,19
978,3148103,Patrocínio,MG,2020-03-23,0,1
979,2800308,Aracaju,SE,2020-03-23,0,7
980,3203205,Linhares,ES,2020-03-23,0,2
981,3510609,Carapicuíba,SP,2020-03-23,0,2
982,3548708,São Bernardo do Campo,SP,2020-03-23,0,4
983,3548807,São Caetano do Sul,SP,2020-03-23,0,4
984,3119401,Coronel Fabriciano,MG,2020-03-23,0,1
985,3529401,Mauá,SP,2020-03-23,0,2
986,5201108,Anápolis,GO,2020-03-23,0,2
987,2601706,Belo Jardim,PE,2020-03-23,0,1
988,2607901,Jaboatão dos Guararapes,PE,2020-03-23,0,3
989,2925501,Prado,BA,2020-03-23,0,2
990,3547809,Santo André,SP,2020-03-23,0,12
991,4104204,Campo Largo,PR,2020-03-23,0,1
992,4119152,Pinhais,PR,2020-03-23,0,2
993,4113700,Londrina,PR,2020-03-23,0,3
994,5211909,Jataí,GO,2020-03-23,0,1
995,5201405,Aparecida de Goiânia,GO,2020-03-23,0,2
996,4202008,Balneário Camboriú,SC,2020-03-23,0,6
997,4115200,Maringá,PR,2020-03-23,0,1
998,4108304,Foz do Iguaçu,PR,2020-03-23,0,4
999,1501402,Belém,PA,2020-03-23,0,4
1000,2805703,Propriá,SE,2020-03-23,0,2
1001,2507507,João Pessoa,PB,2020-03-23,0,1
1002,3301850,Guapimirim,RJ,2020-03-23,0,1
1003,3524709,Jaguariúna,SP,2020-03-23,0,1
1004,3549805,São José do Rio Preto,SP,2020-03-23,0,1
1005,3509502,Campinas,SP,2020-03-23,0,4
1006,3518800,Guarulhos,SP,2020-03-23,0,1
1007,3505708,Barueri,SP,2020-03-23,0,1
1008,3513009,Cotia,SP,2020-03-23,0,2
1009,3170107,Uberaba,MG,2020-03-23,0,3
1010,42,ESTRANGEIRO,SC,2020-03-23,0,2
1011,4320404,Serafina Corrêa,RS,2020-03-23,0,2
1012,4321501,Torres,RS,2020-03-23,0,3
1013,4307906,Farroupilha,RS,2020-03-23,0,1
1014,5007901,Sidrolândia,MS,2020-03-23,0,1
1015,2919207,Lauro de Freitas,BA,2020-03-23,0,3
1016,2914802,Itabuna,BA,2020-03-23,0,1
1017,3302908,Miguel Pereira,RJ,2020-03-23,0,1
1018,4300604,Alvorada,RS,2020-03-23,0,2
1019,4307005,Erechim,RS,2020-03-23,0,3
1020,2211001,Teresina,PI,2020-03-23,0,6
1021,3554102,Taubaté,SP,2020-03-23,0,1
1022,3552502,Suzano,SP,2020-03-23,0,1
1023,1100122,Ji-Paraná,RO,2020-03-23,0,1
1024,2307304,Juazeiro do Norte,CE,2020-03-23,0,1
1025,2304459,Fortim,CE,2020-03-23,0,1
1026,1600303,Macapá,AP,2020-03-23,0,1
1027,4208203,Itajaí,SC,2020-03-23,0,7
1028,4211306,Navegantes,SC,2020-03-23,0,1
1029,4213203,Pomerode,SC,2020-03-23,0,1
1030,4207304,Imbituba,SC,2020-03-23,0,2
1031,4204202,Chapecó,SC,2020-03-23,0,2
1032,4108809,Guaíra,PR,2020-03-23,0,1
1033,2905701,Camaçari,BA,2020-03-23,0,1
1034,3303906,Petrópolis,RJ,2020-03-23,0,3
1035,4310801,Ivoti,RS,2020-03-23,0,2
1036,4305355,Charqueadas,RS,2020-03-23,0,1
1037,4318705,São Leopoldo,RS,2020-03-23,0,1
1038,4321204,Taquara,RS,2020-03-23,0,1
1039,4306403,Dois Irmãos,RS,2020-03-23,0,1
1040,4306767,Eldorado do Sul,RS,2020-03-23,0,1
1041,3201308,Cariacica,ES,2020-03-23,0,1
1042,3201209,Cachoeiro de Itapemirim,ES,2020-03-23,0,1
1043,2403251,Parnamirim,RN,2020-03-23,0,3
1044,3151800,Poços de Caldas,MG,2020-03-23,0,1
1045,3534401,Osasco,SP,2020-03-23,0,1
1046,3519071,Hortolândia,SP,2020-03-23,0,1
1047,3530607,Mogi das Cruzes,SP,2020-03-23,0,1
1048,4302105,Bento Gonçalves,RS,2020-03-23,0,2
1049,4119905,Ponta Grossa,PR,2020-03-23,0,1
1050,4118501,Pato Branco,PR,2020-03-23,0,1
1051,4208807,Jaguaruna,SC,2020-03-23,0,1
1052,5108402,Várzea Grande,MT,2020-03-23,0,1
1053,3556206,Valinhos,SP,2020-03-23,0,1
1054,3552809,Taboão da Serra,SP,2020-03-23,0,1
1055,3539806,Poá,SP,2020-03-23,0,1
1056,3509007,Caieiras,SP,2020-03-23,0,1
1057,5006606,Ponta Porã,MS,2020-03-23,0,1
1058,2804508,Nossa Senhora da Glória,SE,2020-03-23,0,1
1059,1100205,Porto Velho,RO,2020-03-23,0,2
1060,1400100,Boa Vista,RR,2020-03-23,0,2
1061,4304804,Carlos Barbosa,RS,2020-03-23,0,1
1062,4307609,Estância Velha,RS,2020-03-23,0,1
1063,4307807,Estrela,RS,2020-03-23,0,1
1064,4311403,Lajeado,RS,2020-03-23,0,3
1065,4323002,Viamão,RS,2020-03-23,0,1
1066,2408003,Mossoró,RN,2020-03-23,0,1
1067,2903201,Barreiras,BA,2020-03-23,0,1
1068,4105805,Colombo,PR,2020-03-23,0,1
1069,1303403,Parintins,AM,2020-03-23,0,1
1070,2908507,Conceição do Jacuípe,BA,2020-03-23,0,1
1071,4317608,Santo Antônio da Patrulha,RS,2020-03-23,0,1
1072,41,FORA DO ESTADO,PR,2020-03-23,0,4
1073,4209300,Lages,SC,2020-03-23,0,1
1074,4313508,Osório,RS,2020-03-23,0,1
1076,3550308,São Paulo,SP,2020-03-24,31,718
1077,3205200,Vila Velha,ES,2020-03-24,4,17
1078,2910800,Feira de Santana,BA,2020-03-24,2,8
1079,3304557,Rio de Janeiro,RJ,2020-03-24,64,276
1080,5300108,Brasília,DF,2020-03-24,31,177
1081,2704302,Maceió,AL,2020-03-24,2,9
1082,3303302,Niterói,RJ,2020-03-24,2,12
1083,4314902,Porto Alegre,RS,2020-03-24,7,48
1084,4106902,Curitiba,PR,2020-03-24,6,40
1085,4205407,Florianópolis,SC,2020-03-24,1,16
1086,5208707,Goiânia,GO,2020-03-24,3,15
1087,2927408,Salvador,BA,2020-03-24,11,48
1088,1302603,Manaus,AM,2020-03-24,14,45
1089,5002704,Campo Grande,MS,2020-03-24,3,22
1090,2800308,Aracaju,SE,2020-03-24,5,12
1091,3203205,Linhares,ES,2020-03-24,1,3
1092,3205309,Vitória,ES,2020-03-24,1,15
1093,2304400,Fortaleza,CE,2020-03-24,19,172
1094,3106200,Belo Horizonte,MG,2020-03-24,2,89
1095,5201108,Anápolis,GO,2020-03-24,1,3
1096,1200401,Rio Branco,AC,2020-03-24,4,21
1097,4202008,Balneário Camboriú,SC,2020-03-24,1,7
1098,2507507,João Pessoa,PB,2020-03-24,1,2
1099,3518800,Guarulhos,SP,2020-03-24,4,5
1100,4218707,Tubarão,SC,2020-03-24,2,8
1101,2312908,Sobral,CE,2020-03-24,1,4
1102,4320404,Serafina Corrêa,RS,2020-03-24,1,3
1103,4321501,Torres,RS,2020-03-24,1,4
1104,4216602,São José,SC,2020-03-24,1,5
1105,2211001,Teresina,PI,2020-03-24,2,8
1106,4208203,Itajaí,SC,2020-03-24,3,10
1107,4211306,Navegantes,SC,2020-03-24,2,3
1108,4207304,Imbituba,SC,2020-03-24,2,4
1109,4304606,Canoas,RS,2020-03-24,1,6
1110,2403251,Parnamirim,RN,2020-03-24,1,4
1111,4208807,Jaguaruna,SC,2020-03-24,1,2
1112,1100205,Porto Velho,RO,2020-03-24,2,4
1113,1400100,Boa Vista,RR,2020-03-24,6,8
1114,4311403,Lajeado,RS,2020-03-24,2,5
1115,1303403,Parintins,AM,2020-03-24,1,2
1116,35,FORA DO ESTADO,SP,2020-03-24,3,8
1117,2918407,Juazeiro,BA,2020-03-24,1,2
1118,4304630,Capão da Canoa,RS,2020-03-24,1,2
1119,4104808,Cascavel,PR,2020-03-24,1,2
1120,2908606,Conde,BA,2020-03-24,1,1
1121,2931350,Teixeira de Freitas,BA,2020-03-24,1,1
1122,4127106,Telêmaco Borba,PR,2020-03-24,1,1
1123,4118402,Paranavaí,PR,2020-03-24,1,1
1124,35,ESTRANGEIRO,SP,2020-03-24,27,27
1125,3306305,Volta Redonda,RJ,2020-03-24,4,4
1126,3301009,Campos dos Goytacazes,RJ,2020-03-24,1,1
1127,3301702,Duque de Caxias,RJ,2020-03-24,1,1
1128,4308607,Garibaldi,RS,2020-03-24,1,1
1129,42,FORA DO ESTADO,SC,2020-03-24,5,5
1130,4203204,Camboriú,SC,2020-03-24,2,2
1131,4209409,Laguna,SC,2020-03-24,1,1
1132,4217006,São Ludgero,SC,2020-03-24,1,1
1133,4218004,Tijucas,SC,2020-03-24,1,1
1134,5221858,Valparaíso de Goiás,GO,2020-03-24,2,2
1135,2308104,Mauriti,CE,2020-03-24,1,1
1136,32,FORA DO ESTADO,ES,2020-03-24,1,1
1137,4300703,Anta Gorda,RS,2020-03-24,1,1
1138,4303509,Camaquã,RS,2020-03-24,1,1
1139,4314001,Paraí,RS,2020-03-24,1,1
1140,5108956,Nova Monte Verde,MT,2020-03-24,1,1
1141,3300407,Barra Mansa,RJ,2020-03-24,0,1
1142,3547304,Santana de Parnaíba,SP,2020-03-24,0,2
1143,3122306,Divinópolis,MG,2020-03-24,0,1
1144,4303905,Campo Bom,RS,2020-03-24,0,2
1145,2611606,Recife,PE,2020-03-24,0,30
1146,4305108,Caxias do Sul,RS,2020-03-24,0,2
1147,4105508,Cianorte,PR,2020-03-24,0,6
1148,3515707,Ferraz de Vasconcelos,SP,2020-03-24,0,1
1149,3131307,Ipatinga,MG,2020-03-24,0,1
1150,5218805,Rio Verde,GO,2020-03-24,0,5
1151,2408102,Natal,RN,2020-03-24,0,9
1152,4209102,Joinville,SC,2020-03-24,0,4
1153,4214300,Rancho Queimado,SC,2020-03-24,0,2
1154,26,ESTRANGEIRO,PE,2020-03-24,0,3
1155,3136702,Juiz de Fora,MG,2020-03-24,0,8
1156,3148103,Patrocínio,MG,2020-03-24,0,1
1157,3510609,Carapicuíba,SP,2020-03-24,0,2
1158,4202800,Braço do Norte,SC,2020-03-24,0,9
1159,3548708,São Bernardo do Campo,SP,2020-03-24,0,4
1160,3548807,São Caetano do Sul,SP,2020-03-24,0,4
1161,3119401,Coronel Fabriciano,MG,2020-03-24,0,1
1162,3529401,Mauá,SP,2020-03-24,0,2
1163,2301000,Aquiraz,CE,2020-03-24,0,6
1164,2925303,Porto Seguro,BA,2020-03-24,0,8
1165,2601706,Belo Jardim,PE,2020-03-24,0,1
1166,2607901,Jaboatão dos Guararapes,PE,2020-03-24,0,3
1167,2925501,Prado,BA,2020-03-24,0,2
1168,3547809,Santo André,SP,2020-03-24,0,12
1169,3144805,Nova Lima,MG,2020-03-24,0,7
1170,3167202,Sete Lagoas,MG,2020-03-24,0,2
1171,3170206,Uberlândia,MG,2020-03-24,0,7
1172,4104204,Campo Largo,PR,2020-03-24,0,1
1173,4119152,Pinhais,PR,2020-03-24,0,2
1174,4113700,Londrina,PR,2020-03-24,0,3
1175,1721000,Palmas,TO,2020-03-24,0,7
1176,5211909,Jataí,GO,2020-03-24,0,1
1177,5201405,Aparecida de Goiânia,GO,2020-03-24,0,2
1178,4115200,Maringá,PR,2020-03-24,0,1
1179,4108304,Foz do Iguaçu,PR,2020-03-24,0,4
1180,1501402,Belém,PA,2020-03-24,0,4
1181,2805703,Propriá,SE,2020-03-24,0,2
1182,3301850,Guapimirim,RJ,2020-03-24,0,1
1183,3524709,Jaguariúna,SP,2020-03-24,0,1
1184,3549805,São José do Rio Preto,SP,2020-03-24,0,1
1185,3509502,Campinas,SP,2020-03-24,0,4
1186,3505708,Barueri,SP,2020-03-24,0,1
1187,3513009,Cotia,SP,2020-03-24,0,2
1188,3170107,Uberaba,MG,2020-03-24,0,3
1189,42,ESTRANGEIRO,SC,2020-03-24,0,2
1190,4307906,Farroupilha,RS,2020-03-24,0,1
1191,5007901,Sidrolândia,MS,2020-03-24,0,1
1192,2919207,Lauro de Freitas,BA,2020-03-24,0,3
1193,2914802,Itabuna,BA,2020-03-24,0,1
1194,3302908,Miguel Pereira,RJ,2020-03-24,0,1
1195,4301602,Bagé,RS,2020-03-24,0,7
1196,4300604,Alvorada,RS,2020-03-24,0,2
1197,4307005,Erechim,RS,2020-03-24,0,3
1198,4317103,Sant'Ana do Livramento,RS,2020-03-24,0,3
1199,3554102,Taubaté,SP,2020-03-24,0,1
1200,3552502,Suzano,SP,2020-03-24,0,1
1201,1100122,Ji-Paraná,RO,2020-03-24,0,1
1202,2307304,Juazeiro do Norte,CE,2020-03-24,0,1
1203,2304459,Fortim,CE,2020-03-24,0,1
1204,1600303,Macapá,AP,2020-03-24,0,1
1205,4213203,Pomerode,SC,2020-03-24,0,1
1206,4208906,Jaraguá do Sul,SC,2020-03-24,0,2
1207,4204608,Criciúma,SC,2020-03-24,0,9
1208,4204202,Chapecó,SC,2020-03-24,0,2
1209,4108809,Guaíra,PR,2020-03-24,0,1
1210,2905701,Camaçari,BA,2020-03-24,0,1
1211,3303906,Petrópolis,RJ,2020-03-24,0,3
1212,4310801,Ivoti,RS,2020-03-24,0,2
1213,4305355,Charqueadas,RS,2020-03-24,0,1
1214,4318705,São Leopoldo,RS,2020-03-24,0,1
1215,4321204,Taquara,RS,2020-03-24,0,1
1216,4306403,Dois Irmãos,RS,2020-03-24,0,1
1217,4306767,Eldorado do Sul,RS,2020-03-24,0,1
1218,3201308,Cariacica,ES,2020-03-24,0,1
1219,3201209,Cachoeiro de Itapemirim,ES,2020-03-24,0,1
1220,2111300,São Luís,MA,2020-03-24,0,8
1221,3140001,Mariana,MG,2020-03-24,0,2
1222,3151800,Poços de Caldas,MG,2020-03-24,0,1
1223,3534401,Osasco,SP,2020-03-24,0,1
1224,3549904,São José dos Campos,SP,2020-03-24,0,2
1225,3519071,Hortolândia,SP,2020-03-24,0,1
1226,3530607,Mogi das Cruzes,SP,2020-03-24,0,1
1227,4302105,Bento Gonçalves,RS,2020-03-24,0,2
1228,5103403,Cuiabá,MT,2020-03-24,0,5
1229,4119905,Ponta Grossa,PR,2020-03-24,0,1
1230,4118501,Pato Branco,PR,2020-03-24,0,1
1231,4206207,Gravatal,SC,2020-03-24,0,2
1232,5108402,Várzea Grande,MT,2020-03-24,0,1
1233,3556206,Valinhos,SP,2020-03-24,0,1
1234,3552809,Taboão da Serra,SP,2020-03-24,0,1
1235,3539806,Poá,SP,2020-03-24,0,1
1236,3509007,Caieiras,SP,2020-03-24,0,1
1237,5006606,Ponta Porã,MS,2020-03-24,0,1
1238,2804508,Nossa Senhora da Glória,SE,2020-03-24,0,1
1239,4304804,Carlos Barbosa,RS,2020-03-24,0,1
1240,4307609,Estância Velha,RS,2020-03-24,0,1
1241,4307807,Estrela,RS,2020-03-24,0,1
1242,4316907,Santa Maria,RS,2020-03-24,0,2
1243,4323002,Viamão,RS,2020-03-24,0,1
1244,2408003,Mossoró,RN,2020-03-24,0,1
1245,2903201,Barreiras,BA,2020-03-24,0,1
1246,3550704,São Sebastião,SP,2020-03-24,0,2
1247,2609600,Olinda,PE,2020-03-24,0,2
1248,4105805,Colombo,PR,2020-03-24,0,1
1249,2908507,Conceição do Jacuípe,BA,2020-03-24,0,1
1250,4317608,Santo Antônio da Patrulha,RS,2020-03-24,0,1
1251,41,FORA DO ESTADO,PR,2020-03-24,0,4
1252,4202404,Blumenau,SC,2020-03-24,0,7
1253,4209300,Lages,SC,2020-03-24,0,1
1254,4313508,Osório,RS,2020-03-24,0,1
1255,3521408,Iracemápolis,SP,2020-03-24,0,1
1256,3525904,Jundiaí,SP,2020-03-24,0,1
1257,3515004,Embu,SP,2020-03-24,0,1
1258,3304904,São Gonçalo,RJ,2020-03-24,0,3
1259,2918001,Jequié,BA,2020-03-24,0,1
1260,2904605,Brumado,BA,2020-03-24,0,1
1261,3106705,Betim,MG,2020-03-24,0,1
1262,3107406,Bom Despacho,MG,2020-03-24,0,1
1263,3111507,Campos Altos,MG,2020-03-24,0,1
1264,3118601,Contagem,MG,2020-03-24,0,2
1265,3137205,Lagoa da Prata,MG,2020-03-24,0,1
1266,3168705,Timóteo,MG,2020-03-24,0,1
1267,26,FORA DO ESTADO,PE,2020-03-24,0,1
1268,2604106,Caruaru,PE,2020-03-24,0,1
1269,2611101,Petrolina,PE,2020-03-24,0,1
1270,5205109,Catalão,GO,2020-03-24,0,1
1271,1504208,Marabá,PA,2020-03-24,0,1
1272,2502607,Igaracy,PB,2020-03-24,0,1
1273,4315602,Rio Grande,RS,2020-03-24,0,1
1274,4317400,Santiago,RS,2020-03-24,0,1
1275,4319901,Sapiranga,RS,2020-03-24,0,1
1276,4306205,Cruzeiro do Sul,RS,2020-03-24,0,1
1277,4213500,Porto Belo,SC,2020-03-24,0,2
1278,4205902,Gaspar,SC,2020-03-24,0,1
1279,4207007,Içara,SC,2020-03-24,0,1
1280,3205002,Serra,ES,2020-03-24,0,1
1281,3204609,Santa Teresa,ES,2020-03-24,0,1
1282,27,FORA DO ESTADO,AL,2020-03-24,0,1
1284,3550308,São Paulo,SP,2020-03-25,15,733
1285,3304557,Rio de Janeiro,RJ,2020-03-25,56,332
1286,5300108,Brasília,DF,2020-03-25,18,195
1287,3547304,Santana de Parnaíba,SP,2020-03-25,2,4
1288,3303302,Niterói,RJ,2020-03-25,7,19
1289,4314902,Porto Alegre,RS,2020-03-25,40,88
1290,2611606,Recife,PE,2020-03-25,3,33
1291,4305108,Caxias do Sul,RS,2020-03-25,1,3
1292,4106902,Curitiba,PR,2020-03-25,20,60
1293,5218805,Rio Verde,GO,2020-03-25,1,6
1294,5208707,Goiânia,GO,2020-03-25,3,18
1295,2927408,Salvador,BA,2020-03-25,9,57
1296,1302603,Manaus,AM,2020-03-25,7,52
1297,4209102,Joinville,SC,2020-03-25,1,5
1298,2800308,Aracaju,SE,2020-03-25,1,13
1299,3548708,São Bernardo do Campo,SP,2020-03-25,9,13
1300,3548807,São Caetano do Sul,SP,2020-03-25,12,16
1301,2304400,Fortaleza,CE,2020-03-25,26,198
1302,3106200,Belo Horizonte,MG,2020-03-25,3,92
1303,1200401,Rio Branco,AC,2020-03-25,2,23
1304,3547809,Santo André,SP,2020-03-25,4,16
1305,4119152,Pinhais,PR,2020-03-25,1,3
1306,4115200,Maringá,PR,2020-03-25,1,2
1307,4108304,Foz do Iguaçu,PR,2020-03-25,1,5
1308,1501402,Belém,PA,2020-03-25,2,6
1309,2507507,João Pessoa,PB,2020-03-25,2,4
1310,3513009,Cotia,SP,2020-03-25,3,5
1311,42,ESTRANGEIRO,SC,2020-03-25,1,3
1312,4321501,Torres,RS,2020-03-25,2,6
1313,4317103,Sant'Ana do Livramento,RS,2020-03-25,1,4
1314,1600303,Macapá,AP,2020-03-25,1,2
1315,4208203,Itajaí,SC,2020-03-25,2,12
1316,4204608,Criciúma,SC,2020-03-25,2,11
1317,3534401,Osasco,SP,2020-03-25,2,3
1318,3530607,Mogi das Cruzes,SP,2020-03-25,3,4
1319,5103403,Cuiabá,MT,2020-03-25,1,6
1320,4119905,Ponta Grossa,PR,2020-03-25,2,3
1321,4206207,Gravatal,SC,2020-03-25,1,3
1322,5108402,Várzea Grande,MT,2020-03-25,1,2
1323,4105805,Colombo,PR,2020-03-25,1,2
1324,4202404,Blumenau,SC,2020-03-25,2,9
1325,26,FORA DO ESTADO,PE,2020-03-25,1,2
1326,4315602,Rio Grande,RS,2020-03-25,1,2
1327,3306305,Volta Redonda,RJ,2020-03-25,2,6
1328,3301702,Duque de Caxias,RJ,2020-03-25,1,2
1329,4300703,Anta Gorda,RS,2020-03-25,1,2
1330,1500800,Ananindeua,PA,2020-03-25,2,2
1331,2928950,São Domingos,BA,2020-03-25,1,1
1332,3543907,Rio Claro,SP,2020-03-25,1,1
1333,3543303,Ribeirão Pires,SP,2020-03-25,1,1
1334,3306107,Valença,RJ,2020-03-25,1,1
1335,2707503,Porto Real do Colégio,AL,2020-03-25,1,1
1336,4314407,Pelotas,RS,2020-03-25,1,1
1337,4305173,Cerro Grande do Sul,RS,2020-03-25,1,1
1338,4306601,Dom Pedrito,RS,2020-03-25,1,1
1339,4107603,Faxinal,PR,2020-03-25,1,1
1340,4104303,Campo Mourão,PR,2020-03-25,1,1
1341,4201950,Balneário Arroio do Silva,SC,2020-03-25,1,1
1342,4203709,Canelinha,SC,2020-03-25,1,1
1343,4217253,São Pedro de Alcântara,SC,2020-03-25,1,1
1344,2913606,Ilhéus,BA,2020-03-25,1,1
1345,2906204,Canarana,BA,2020-03-25,1,1
1346,5220603,Silvânia,GO,2020-03-25,1,1
1347,5212501,Luziânia,GO,2020-03-25,1,1
1348,3300407,Barra Mansa,RJ,2020-03-25,0,1
1349,3205200,Vila Velha,ES,2020-03-25,0,17
1350,2910800,Feira de Santana,BA,2020-03-25,0,8
1351,2704302,Maceió,AL,2020-03-25,0,9
1352,3122306,Divinópolis,MG,2020-03-25,0,1
1353,4303905,Campo Bom,RS,2020-03-25,0,2
1354,4105508,Cianorte,PR,2020-03-25,0,6
1355,3515707,Ferraz de Vasconcelos,SP,2020-03-25,0,1
1356,4205407,Florianópolis,SC,2020-03-25,0,16
1357,3131307,Ipatinga,MG,2020-03-25,0,1
1358,2408102,Natal,RN,2020-03-25,0,9
1359,4214300,Rancho Queimado,SC,2020-03-25,0,2
1360,26,ESTRANGEIRO,PE,2020-03-25,0,3
1361,5002704,Campo Grande,MS,2020-03-25,0,22
1362,3136702,Juiz de Fora,MG,2020-03-25,0,8
1363,3148103,Patrocínio,MG,2020-03-25,0,1
1364,3203205,Linhares,ES,2020-03-25,0,3
1365,3205309,Vitória,ES,2020-03-25,0,15
1366,3510609,Carapicuíba,SP,2020-03-25,0,2
1367,4202800,Braço do Norte,SC,2020-03-25,0,9
1368,3119401,Coronel Fabriciano,MG,2020-03-25,0,1
1369,3529401,Mauá,SP,2020-03-25,0,2
1370,2301000,Aquiraz,CE,2020-03-25,0,6
1371,5201108,Anápolis,GO,2020-03-25,0,3
1372,2925303,Porto Seguro,BA,2020-03-25,0,8
1373,2601706,Belo Jardim,PE,2020-03-25,0,1
1374,2607901,Jaboatão dos Guararapes,PE,2020-03-25,0,3
1375,2925501,Prado,BA,2020-03-25,0,2
1376,3144805,Nova Lima,MG,2020-03-25,0,7
1377,3167202,Sete Lagoas,MG,2020-03-25,0,2
1378,3170206,Uberlândia,MG,2020-03-25,0,7
1379,4104204,Campo Largo,PR,2020-03-25,0,1
1380,4113700,Londrina,PR,2020-03-25,0,3
1381,1721000,Palmas,TO,2020-03-25,0,7
1382,5211909,Jataí,GO,2020-03-25,0,1
1383,5201405,Aparecida de Goiânia,GO,2020-03-25,0,2
1384,4202008,Balneário Camboriú,SC,2020-03-25,0,7
1385,2805703,Propriá,SE,2020-03-25,0,2
1386,3301850,Guapimirim,RJ,2020-03-25,0,1
1387,3524709,Jaguariúna,SP,2020-03-25,0,1
1388,3549805,São José do Rio Preto,SP,2020-03-25,0,1
1389,3509502,Campinas,SP,2020-03-25,0,4
1390,3518800,Guarulhos,SP,2020-03-25,0,5
1391,3505708,Barueri,SP,2020-03-25,0,1
1392,3170107,Uberaba,MG,2020-03-25,0,3
1393,4218707,Tubarão,SC,2020-03-25,0,8
1394,2312908,Sobral,CE,2020-03-25,0,4
1395,4320404,Serafina Corrêa,RS,2020-03-25,0,3
1396,4307906,Farroupilha,RS,2020-03-25,0,1
1397,4216602,São José,SC,2020-03-25,0,5
1398,5007901,Sidrolândia,MS,2020-03-25,0,1
1399,2919207,Lauro de Freitas,BA,2020-03-25,0,3
1400,2914802,Itabuna,BA,2020-03-25,0,1
1401,3302908,Miguel Pereira,RJ,2020-03-25,0,1
1402,4301602,Bagé,RS,2020-03-25,0,7
1403,4300604,Alvorada,RS,2020-03-25,0,2
1404,4307005,Erechim,RS,2020-03-25,0,3
1405,2211001,Teresina,PI,2020-03-25,0,8
1406,3554102,Taubaté,SP,2020-03-25,0,1
1407,3552502,Suzano,SP,2020-03-25,0,1
1408,1100122,Ji-Paraná,RO,2020-03-25,0,1
1409,2307304,Juazeiro do Norte,CE,2020-03-25,0,1
1410,2304459,Fortim,CE,2020-03-25,0,1
1411,4211306,Navegantes,SC,2020-03-25,0,3
1412,4213203,Pomerode,SC,2020-03-25,0,1
1413,4208906,Jaraguá do Sul,SC,2020-03-25,0,2
1414,4207304,Imbituba,SC,2020-03-25,0,4
1415,4204202,Chapecó,SC,2020-03-25,0,2
1416,4108809,Guaíra,PR,2020-03-25,0,1
1417,2905701,Camaçari,BA,2020-03-25,0,1
1418,3303906,Petrópolis,RJ,2020-03-25,0,3
1419,4310801,Ivoti,RS,2020-03-25,0,2
1420,4305355,Charqueadas,RS,2020-03-25,0,1
1421,4318705,São Leopoldo,RS,2020-03-25,0,1
1422,4321204,Taquara,RS,2020-03-25,0,1
1423,4306403,Dois Irmãos,RS,2020-03-25,0,1
1424,4306767,Eldorado do Sul,RS,2020-03-25,0,1
1425,4304606,Canoas,RS,2020-03-25,0,6
1426,3201308,Cariacica,ES,2020-03-25,0,1
1427,3201209,Cachoeiro de Itapemirim,ES,2020-03-25,0,1
1428,2111300,São Luís,MA,2020-03-25,0,8
1429,2403251,Parnamirim,RN,2020-03-25,0,4
1430,3140001,Mariana,MG,2020-03-25,0,2
1431,3151800,Poços de Caldas,MG,2020-03-25,0,1
1432,3549904,São José dos Campos,SP,2020-03-25,0,2
1433,3519071,Hortolândia,SP,2020-03-25,0,1
1434,4302105,Bento Gonçalves,RS,2020-03-25,0,2
1435,4118501,Pato Branco,PR,2020-03-25,0,1
1436,4208807,Jaguaruna,SC,2020-03-25,0,2
1437,3556206,Valinhos,SP,2020-03-25,0,1
1438,3552809,Taboão da Serra,SP,2020-03-25,0,1
1439,3539806,Poá,SP,2020-03-25,0,1
1440,3509007,Caieiras,SP,2020-03-25,0,1
1441,5006606,Ponta Porã,MS,2020-03-25,0,1
1442,2804508,Nossa Senhora da Glória,SE,2020-03-25,0,1
1443,1100205,Porto Velho,RO,2020-03-25,0,4
1444,1400100,Boa Vista,RR,2020-03-25,0,8
1445,4304804,Carlos Barbosa,RS,2020-03-25,0,1
1446,4307609,Estância Velha,RS,2020-03-25,0,1
1447,4307807,Estrela,RS,2020-03-25,0,1
1448,4311403,Lajeado,RS,2020-03-25,0,5
1449,4316907,Santa Maria,RS,2020-03-25,0,2
1450,4323002,Viamão,RS,2020-03-25,0,1
1451,2408003,Mossoró,RN,2020-03-25,0,1
1452,2903201,Barreiras,BA,2020-03-25,0,1
1453,3550704,São Sebastião,SP,2020-03-25,0,2
1454,2609600,Olinda,PE,2020-03-25,0,2
1455,1303403,Parintins,AM,2020-03-25,0,2
1456,2908507,Conceição do Jacuípe,BA,2020-03-25,0,1
1457,4317608,Santo Antônio da Patrulha,RS,2020-03-25,0,1
1458,41,FORA DO ESTADO,PR,2020-03-25,0,4
1459,4209300,Lages,SC,2020-03-25,0,1
1460,4313508,Osório,RS,2020-03-25,0,1
1461,35,FORA DO ESTADO,SP,2020-03-25,0,8
1462,3521408,Iracemápolis,SP,2020-03-25,0,1
1463,3525904,Jundiaí,SP,2020-03-25,0,1
1464,3515004,Embu,SP,2020-03-25,0,1
1465,3304904,São Gonçalo,RJ,2020-03-25,0,3
1466,2918407,Juazeiro,BA,2020-03-25,0,2
1467,2918001,Jequié,BA,2020-03-25,0,1
1468,2904605,Brumado,BA,2020-03-25,0,1
1469,3106705,Betim,MG,2020-03-25,0,1
1470,3107406,Bom Despacho,MG,2020-03-25,0,1
1471,3111507,Campos Altos,MG,2020-03-25,0,1
1472,3118601,Contagem,MG,2020-03-25,0,2
1473,3137205,Lagoa da Prata,MG,2020-03-25,0,1
1474,3168705,Timóteo,MG,2020-03-25,0,1
1475,2604106,Caruaru,PE,2020-03-25,0,1
1476,2611101,Petrolina,PE,2020-03-25,0,1
1477,5205109,Catalão,GO,2020-03-25,0,1
1478,1504208,Marabá,PA,2020-03-25,0,1
1479,2502607,Igaracy,PB,2020-03-25,0,1
1480,4317400,Santiago,RS,2020-03-25,0,1
1481,4319901,Sapiranga,RS,2020-03-25,0,1
1482,4306205,Cruzeiro do Sul,RS,2020-03-25,0,1
1483,4304630,Capão da Canoa,RS,2020-03-25,0,2
1484,4213500,Porto Belo,SC,2020-03-25,0,2
1485,4205902,Gaspar,SC,2020-03-25,0,1
1486,4207007,Içara,SC,2020-03-25,0,1
1487,4104808,Cascavel,PR,2020-03-25,0,2
1488,3205002,Serra,ES,2020-03-25,0,1
1489,3204609,Santa Teresa,ES,2020-03-25,0,1
1490,27,FORA DO ESTADO,AL,2020-03-25,0,1
1491,2908606,Conde,BA,2020-03-25,0,1
1492,2931350,Teixeira de Freitas,BA,2020-03-25,0,1
1493,4127106,Telêmaco Borba,PR,2020-03-25,0,1
1494,4118402,Paranavaí,PR,2020-03-25,0,1
1495,35,ESTRANGEIRO,SP,2020-03-25,0,27
1496,3301009,Campos dos Goytacazes,RJ,2020-03-25,0,1
1497,4308607,Garibaldi,RS,2020-03-25,0,1
1498,42,FORA DO ESTADO,SC,2020-03-25,0,5
1499,4203204,Camboriú,SC,2020-03-25,0,2
1500,4209409,Laguna,SC,2020-03-25,0,1
1501,4217006,São Ludgero,SC,2020-03-25,0,1
1502,4218004,Tijucas,SC,2020-03-25,0,1
1503,5221858,Valparaíso de Goiás,GO,2020-03-25,0,2
1504,2308104,Mauriti,CE,2020-03-25,0,1
1505,32,FORA DO ESTADO,ES,2020-03-25,0,1
1506,4303509,Camaquã,RS,2020-03-25,0,1
1507,4314001,Paraí,RS,2020-03-25,0,1
1508,5108956,Nova Monte Verde,MT,2020-03-25,0,1
1510,3550308,São Paulo,SP,2020-03-26,169,902
1511,3205200,Vila Velha,ES,2020-03-26,3,20
1512,2910800,Feira de Santana,BA,2020-03-26,1,9
1513,3304557,Rio de Janeiro,RJ,2020-03-26,37,369
1514,5300108,Brasília,DF,2020-03-26,8,203
1515,3547304,Santana de Parnaíba,SP,2020-03-26,2,6
1516,3122306,Divinópolis,MG,2020-03-26,1,2
1517,3303302,Niterói,RJ,2020-03-26,12,31
1518,4314902,Porto Alegre,RS,2020-03-26,15,103
1519,4305108,Caxias do Sul,RS,2020-03-26,3,6
1520,4106902,Curitiba,PR,2020-03-26,6,66
1521,4205407,Florianópolis,SC,2020-03-26,4,20
1522,5208707,Goiânia,GO,2020-03-26,4,22
1523,2408102,Natal,RN,2020-03-26,4,13
1524,2927408,Salvador,BA,2020-03-26,10,67
1525,1302603,Manaus,AM,2020-03-26,11,63
1526,4209102,Joinville,SC,2020-03-26,2,7
1527,5002704,Campo Grande,MS,2020-03-26,1,23
1528,3205309,Vitória,ES,2020-03-26,2,17
1529,2304400,Fortaleza,CE,2020-03-26,27,225
1530,3106200,Belo Horizonte,MG,2020-03-26,4,96
1531,2925303,Porto Seguro,BA,2020-03-26,2,10
1532,1200401,Rio Branco,AC,2020-03-26,1,24
1533,3144805,Nova Lima,MG,2020-03-26,4,11
1534,1721000,Palmas,TO,2020-03-26,1,8
1535,4202008,Balneário Camboriú,SC,2020-03-26,1,8
1536,4115200,Maringá,PR,2020-03-26,1,3
1537,2507507,João Pessoa,PB,2020-03-26,1,5
1538,3518800,Guarulhos,SP,2020-03-26,4,9
1539,3505708,Barueri,SP,2020-03-26,2,3
1540,4216602,São José,SC,2020-03-26,3,8
1541,2919207,Lauro de Freitas,BA,2020-03-26,2,5
1542,2914802,Itabuna,BA,2020-03-26,1,2
1543,4301602,Bagé,RS,2020-03-26,2,9
1544,2211001,Teresina,PI,2020-03-26,1,9
1545,4208203,Itajaí,SC,2020-03-26,4,16
1546,4207304,Imbituba,SC,2020-03-26,1,5
1547,4204608,Criciúma,SC,2020-03-26,1,12
1548,4204202,Chapecó,SC,2020-03-26,2,4
1549,4304606,Canoas,RS,2020-03-26,1,7
1550,2111300,São Luís,MA,2020-03-26,1,9
1551,3530607,Mogi das Cruzes,SP,2020-03-26,3,7
1552,5103403,Cuiabá,MT,2020-03-26,2,8
1553,4118501,Pato Branco,PR,2020-03-26,1,2
1554,3552809,Taboão da Serra,SP,2020-03-26,1,2
1555,3509007,Caieiras,SP,2020-03-26,1,2
1556,1100205,Porto Velho,RO,2020-03-26,1,5
1557,1400100,Boa Vista,RR,2020-03-26,1,9
1558,4307609,Estância Velha,RS,2020-03-26,1,2
1559,2408003,Mossoró,RN,2020-03-26,1,2
1560,2609600,Olinda,PE,2020-03-26,1,3
1561,4202404,Blumenau,SC,2020-03-26,3,12
1562,3525904,Jundiaí,SP,2020-03-26,1,2
1563,3106705,Betim,MG,2020-03-26,2,3
1564,3137205,Lagoa da Prata,MG,2020-03-26,1,2
1565,2611101,Petrolina,PE,2020-03-26,1,2
1566,4213500,Porto Belo,SC,2020-03-26,1,3
1567,3205002,Serra,ES,2020-03-26,2,3
1568,3306305,Volta Redonda,RJ,2020-03-26,1,7
1569,4203204,Camboriú,SC,2020-03-26,2,4
1570,1500800,Ananindeua,PA,2020-03-26,2,4
1571,4314407,Pelotas,RS,2020-03-26,1,2
1572,3127701,Governador Valadares,MG,2020-03-26,1,1
1573,3107109,Boa Esperança,MG,2020-03-26,1,1
1574,3162500,São João del Rei,MG,2020-03-26,1,1
1575,2105302,Imperatriz,MA,2020-03-26,1,1
1576,2900702,Alagoinhas,BA,2020-03-26,1,1
1577,4122305,Rio Negro,PR,2020-03-26,1,1
1578,3554003,Tatuí,SP,2020-03-26,1,1
1579,3543402,Ribeirão Preto,SP,2020-03-26,1,1
1580,3503901,Arujá,SP,2020-03-26,1,1
1581,3528502,Mairiporã,SP,2020-03-26,1,1
1582,3527306,Louveira,SP,2020-03-26,2,2
1583,3556453,Vargem Grande Paulista,SP,2020-03-26,1,1
1584,3300456,Belford Roxo,RJ,2020-03-26,1,1
1585,1303700,Santo Antônio do Içá,AM,2020-03-26,1,1
1586,1300706,Boca do Acre,AM,2020-03-26,1,1
1587,1503606,Itaituba,PA,2020-03-26,1,1
1588,1502400,Castanhal,PA,2020-03-26,1,1
1589,4316006,Rolante,RS,2020-03-26,1,1
1590,4311809,Marau,RS,2020-03-26,1,1
1591,4314605,Piratini,RS,2020-03-26,1,1
1592,4314100,Passo Fundo,RS,2020-03-26,1,1
1593,4313102,Nova Palma,RS,2020-03-26,1,1
1594,4208302,Itapema,SC,2020-03-26,1,1
1595,4217600,Siderópolis,SC,2020-03-26,1,1
1596,4218103,Timbé do Sul,SC,2020-03-26,1,1
1597,3201407,Castelo,ES,2020-03-26,1,1
1598,1400159,Bonfim,RR,2020-03-26,1,1
1599,3300407,Barra Mansa,RJ,2020-03-26,0,1
1600,2704302,Maceió,AL,2020-03-26,0,9
1601,4303905,Campo Bom,RS,2020-03-26,0,2
1602,2611606,Recife,PE,2020-03-26,0,33
1603,4105508,Cianorte,PR,2020-03-26,0,6
1604,3515707,Ferraz de Vasconcelos,SP,2020-03-26,0,1
1605,3131307,Ipatinga,MG,2020-03-26,0,1
1606,5218805,Rio Verde,GO,2020-03-26,0,6
1607,4214300,Rancho Queimado,SC,2020-03-26,0,2
1608,26,ESTRANGEIRO,PE,2020-03-26,0,3
1609,3136702,Juiz de Fora,MG,2020-03-26,0,8
1610,3148103,Patrocínio,MG,2020-03-26,0,1
1611,2800308,Aracaju,SE,2020-03-26,0,13
1612,3203205,Linhares,ES,2020-03-26,0,3
1613,3510609,Carapicuíba,SP,2020-03-26,0,2
1614,4202800,Braço do Norte,SC,2020-03-26,0,9
1615,3548708,São Bernardo do Campo,SP,2020-03-26,0,13
1616,3548807,São Caetano do Sul,SP,2020-03-26,0,16
1617,3119401,Coronel Fabriciano,MG,2020-03-26,0,1
1618,3529401,Mauá,SP,2020-03-26,0,2
1619,2301000,Aquiraz,CE,2020-03-26,0,6
1620,5201108,Anápolis,GO,2020-03-26,0,3
1621,2601706,Belo Jardim,PE,2020-03-26,0,1
1622,2607901,Jaboatão dos Guararapes,PE,2020-03-26,0,3
1623,2925501,Prado,BA,2020-03-26,0,2
1624,3547809,Santo André,SP,2020-03-26,0,16
1625,3167202,Sete Lagoas,MG,2020-03-26,0,2
1626,3170206,Uberlândia,MG,2020-03-26,0,7
1627,4104204,Campo Largo,PR,2020-03-26,0,1
1628,4119152,Pinhais,PR,2020-03-26,0,3
1629,4113700,Londrina,PR,2020-03-26,0,3
1630,5211909,Jataí,GO,2020-03-26,0,1
1631,5201405,Aparecida de Goiânia,GO,2020-03-26,0,2
1632,4108304,Foz do Iguaçu,PR,2020-03-26,0,5
1633,1501402,Belém,PA,2020-03-26,0,6
1634,2805703,Propriá,SE,2020-03-26,0,2
1635,3301850,Guapimirim,RJ,2020-03-26,0,1
1636,3524709,Jaguariúna,SP,2020-03-26,0,1
1637,3549805,São José do Rio Preto,SP,2020-03-26,0,1
1638,3509502,Campinas,SP,2020-03-26,0,4
1639,3513009,Cotia,SP,2020-03-26,0,5
1640,3170107,Uberaba,MG,2020-03-26,0,3
1641,4218707,Tubarão,SC,2020-03-26,0,8
1642,42,ESTRANGEIRO,SC,2020-03-26,0,3
1643,2312908,Sobral,CE,2020-03-26,0,4
1644,4320404,Serafina Corrêa,RS,2020-03-26,0,3
1645,4321501,Torres,RS,2020-03-26,0,6
1646,4307906,Farroupilha,RS,2020-03-26,0,1
1647,5007901,Sidrolândia,MS,2020-03-26,0,1
1648,3302908,Miguel Pereira,RJ,2020-03-26,0,1
1649,4300604,Alvorada,RS,2020-03-26,0,2
1650,4307005,Erechim,RS,2020-03-26,0,3
1651,4317103,Sant'Ana do Livramento,RS,2020-03-26,0,4
1652,3554102,Taubaté,SP,2020-03-26,0,1
1653,3552502,Suzano,SP,2020-03-26,0,1
1654,1100122,Ji-Paraná,RO,2020-03-26,0,1
1655,2307304,Juazeiro do Norte,CE,2020-03-26,0,1
1656,2304459,Fortim,CE,2020-03-26,0,1
1657,1600303,Macapá,AP,2020-03-26,0,2
1658,4211306,Navegantes,SC,2020-03-26,0,3
1659,4213203,Pomerode,SC,2020-03-26,0,1
1660,4208906,Jaraguá do Sul,SC,2020-03-26,0,2
1661,4108809,Guaíra,PR,2020-03-26,0,1
1662,2905701,Camaçari,BA,2020-03-26,0,1
1663,3303906,Petrópolis,RJ,2020-03-26,0,3
1664,4310801,Ivoti,RS,2020-03-26,0,2
1665,4305355,Charqueadas,RS,2020-03-26,0,1
1666,4318705,São Leopoldo,RS,2020-03-26,0,1
1667,4321204,Taquara,RS,2020-03-26,0,1
1668,4306403,Dois Irmãos,RS,2020-03-26,0,1
1669,4306767,Eldorado do Sul,RS,2020-03-26,0,1
1670,3201308,Cariacica,ES,2020-03-26,0,1
1671,3201209,Cachoeiro de Itapemirim,ES,2020-03-26,0,1
1672,2403251,Parnamirim,RN,2020-03-26,0,4
1673,3140001,Mariana,MG,2020-03-26,0,2
1674,3151800,Poços de Caldas,MG,2020-03-26,0,1
1675,3534401,Osasco,SP,2020-03-26,0,3
1676,3549904,São José dos Campos,SP,2020-03-26,0,2
1677,3519071,Hortolândia,SP,2020-03-26,0,1
1678,4302105,Bento Gonçalves,RS,2020-03-26,0,2
1679,4119905,Ponta Grossa,PR,2020-03-26,0,3
1680,4208807,Jaguaruna,SC,2020-03-26,0,2
1681,4206207,Gravatal,SC,2020-03-26,0,3
1682,5108402,Várzea Grande,MT,2020-03-26,0,2
1683,3556206,Valinhos,SP,2020-03-26,0,1
1684,3539806,Poá,SP,2020-03-26,0,1
1685,5006606,Ponta Porã,MS,2020-03-26,0,1
1686,2804508,Nossa Senhora da Glória,SE,2020-03-26,0,1
1687,4304804,Carlos Barbosa,RS,2020-03-26,0,1
1688,4307807,Estrela,RS,2020-03-26,0,1
1689,4311403,Lajeado,RS,2020-03-26,0,5
1690,4316907,Santa Maria,RS,2020-03-26,0,2
1691,4323002,Viamão,RS,2020-03-26,0,1
1692,2903201,Barreiras,BA,2020-03-26,0,1
1693,3550704,São Sebastião,SP,2020-03-26,0,2
1694,4105805,Colombo,PR,2020-03-26,0,2
1695,1303403,Parintins,AM,2020-03-26,0,2
1696,2908507,Conceição do Jacuípe,BA,2020-03-26,0,1
1697,4317608,Santo Antônio da Patrulha,RS,2020-03-26,0,1
1698,41,FORA DO ESTADO,PR,2020-03-26,0,4
1699,4209300,Lages,SC,2020-03-26,0,1
1700,4313508,Osório,RS,2020-03-26,0,1
1701,35,FORA DO ESTADO,SP,2020-03-26,0,8
1702,3521408,Iracemápolis,SP,2020-03-26,0,1
1703,3515004,Embu,SP,2020-03-26,0,1
1704,3304904,São Gonçalo,RJ,2020-03-26,0,3
1705,2918407,Juazeiro,BA,2020-03-26,0,2
1706,2918001,Jequié,BA,2020-03-26,0,1
1707,2904605,Brumado,BA,2020-03-26,0,1
1708,3107406,Bom Despacho,MG,2020-03-26,0,1
1709,3111507,Campos Altos,MG,2020-03-26,0,1
1710,3118601,Contagem,MG,2020-03-26,0,2
1711,3168705,Timóteo,MG,2020-03-26,0,1
1712,26,FORA DO ESTADO,PE,2020-03-26,0,2
1713,2604106,Caruaru,PE,2020-03-26,0,1
1714,5205109,Catalão,GO,2020-03-26,0,1
1715,1504208,Marabá,PA,2020-03-26,0,1
1716,2502607,Igaracy,PB,2020-03-26,0,1
1717,4315602,Rio Grande,RS,2020-03-26,0,2
1718,4317400,Santiago,RS,2020-03-26,0,1
1719,4319901,Sapiranga,RS,2020-03-26,0,1
1720,4306205,Cruzeiro do Sul,RS,2020-03-26,0,1
1721,4304630,Capão da Canoa,RS,2020-03-26,0,2
1722,4205902,Gaspar,SC,2020-03-26,0,1
1723,4207007,Içara,SC,2020-03-26,0,1
1724,4104808,Cascavel,PR,2020-03-26,0,2
1725,3204609,Santa Teresa,ES,2020-03-26,0,1
1726,27,FORA DO ESTADO,AL,2020-03-26,0,1
1727,2908606,Conde,BA,2020-03-26,0,1
1728,2931350,Teixeira de Freitas,BA,2020-03-26,0,1
1729,4127106,Telêmaco Borba,PR,2020-03-26,0,1
1730,4118402,Paranavaí,PR,2020-03-26,0,1
1731,35,ESTRANGEIRO,SP,2020-03-26,0,27
1732,3301009,Campos dos Goytacazes,RJ,2020-03-26,0,1
1733,3301702,Duque de Caxias,RJ,2020-03-26,0,2
1734,4308607,Garibaldi,RS,2020-03-26,0,1
1735,42,FORA DO ESTADO,SC,2020-03-26,0,5
1736,4209409,Laguna,SC,2020-03-26,0,1
1737,4217006,São Ludgero,SC,2020-03-26,0,1
1738,4218004,Tijucas,SC,2020-03-26,0,1
1739,5221858,Valparaíso de Goiás,GO,2020-03-26,0,2
1740,2308104,Mauriti,CE,2020-03-26,0,1
1741,32,FORA DO ESTADO,ES,2020-03-26,0,1
1742,4300703,Anta Gorda,RS,2020-03-26,0,2
1743,4303509,Camaquã,RS,2020-03-26,0,1
1744,4314001,Paraí,RS,2020-03-26,0,1
1745,5108956,Nova Monte Verde,MT,2020-03-26,0,1
1746,2928950,São Domingos,BA,2020-03-26,0,1
1747,3543907,Rio Claro,SP,2020-03-26,0,1
1748,3543303,Ribeirão Pires,SP,2020-03-26,0,1
1749,3306107,Valença,RJ,2020-03-26,0,1
1750,2707503,Porto Real do Colégio,AL,2020-03-26,0,1
1751,4305173,Cerro Grande do Sul,RS,2020-03-26,0,1
1752,4306601,Dom Pedrito,RS,2020-03-26,0,1
1753,4107603,Faxinal,PR,2020-03-26,0,1
1754,4104303,Campo Mourão,PR,2020-03-26,0,1
1755,4201950,Balneário Arroio do Silva,SC,2020-03-26,0,1
1756,4203709,Canelinha,SC,2020-03-26,0,1
1757,4217253,São Pedro de Alcântara,SC,2020-03-26,0,1
1758,2913606,Ilhéus,BA,2020-03-26,0,1
1759,2906204,Canarana,BA,2020-03-26,0,1
1760,5220603,Silvânia,GO,2020-03-26,0,1
1761,5212501,Luziânia,GO,2020-03-26,0,1
1763,3550308,São Paulo,SP,2020-03-27,142,1044
1764,3205200,Vila Velha,ES,2020-03-27,1,21
1765,3304557,Rio de Janeiro,RJ,2020-03-27,62,431
1766,5300108,Brasília,DF,2020-03-27,39,242
1767,3122306,Divinópolis,MG,2020-03-27,3,5
1768,3303302,Niterói,RJ,2020-03-27,5,36
1769,4314902,Porto Alegre,RS,2020-03-27,4,107
1770,2611606,Recife,PE,2020-03-27,8,41
1771,4106902,Curitiba,PR,2020-03-27,5,71
1772,4105508,Cianorte,PR,2020-03-27,1,7
1773,3515707,Ferraz de Vasconcelos,SP,2020-03-27,1,2
1774,4205407,Florianópolis,SC,2020-03-27,7,27
1775,5208707,Goiânia,GO,2020-03-27,9,31
1776,2408102,Natal,RN,2020-03-27,6,19
1777,2927408,Salvador,BA,2020-03-27,11,78
1778,1302603,Manaus,AM,2020-03-27,12,75
1779,4209102,Joinville,SC,2020-03-27,1,8
1780,5002704,Campo Grande,MS,2020-03-27,1,24
1781,3136702,Juiz de Fora,MG,2020-03-27,3,11
1782,3203205,Linhares,ES,2020-03-27,1,4
1783,3205309,Vitória,ES,2020-03-27,1,18
1784,3548708,São Bernardo do Campo,SP,2020-03-27,2,15
1785,2304400,Fortaleza,CE,2020-03-27,43,268
1786,3106200,Belo Horizonte,MG,2020-03-27,27,123
1787,1200401,Rio Branco,AC,2020-03-27,1,25
1788,3547809,Santo André,SP,2020-03-27,1,17
1789,3144805,Nova Lima,MG,2020-03-27,2,13
1790,4202008,Balneário Camboriú,SC,2020-03-27,1,9
1791,4115200,Maringá,PR,2020-03-27,4,7
1792,1501402,Belém,PA,2020-03-27,3,9
1793,2507507,João Pessoa,PB,2020-03-27,1,6
1794,3509502,Campinas,SP,2020-03-27,1,5
1795,3518800,Guarulhos,SP,2020-03-27,4,13
1796,3513009,Cotia,SP,2020-03-27,1,6
1797,2919207,Lauro de Freitas,BA,2020-03-27,2,7
1798,1600303,Macapá,AP,2020-03-27,1,3
1799,4208203,Itajaí,SC,2020-03-27,2,18
1800,4108809,Guaíra,PR,2020-03-27,1,2
1801,4318705,São Leopoldo,RS,2020-03-27,1,2
1802,2111300,São Luís,MA,2020-03-27,4,13
1803,3534401,Osasco,SP,2020-03-27,1,4
1804,3549904,São José dos Campos,SP,2020-03-27,2,4
1805,3530607,Mogi das Cruzes,SP,2020-03-27,1,8
1806,2408003,Mossoró,RN,2020-03-27,3,5
1807,35,FORA DO ESTADO,SP,2020-03-27,6,14
1808,3525904,Jundiaí,SP,2020-03-27,1,3
1809,3304904,São Gonçalo,RJ,2020-03-27,1,4
1810,3106705,Betim,MG,2020-03-27,1,4
1811,3118601,Contagem,MG,2020-03-27,1,3
1812,4104808,Cascavel,PR,2020-03-27,3,5
1813,3205002,Serra,ES,2020-03-27,2,5
1814,3306305,Volta Redonda,RJ,2020-03-27,2,9
1815,3301702,Duque de Caxias,RJ,2020-03-27,1,3
1816,4104303,Campo Mourão,PR,2020-03-27,1,2
1817,2913606,Ilhéus,BA,2020-03-27,1,2
1818,3543402,Ribeirão Preto,SP,2020-03-27,2,3
1819,3528502,Mairiporã,SP,2020-03-27,1,2
1820,3556453,Vargem Grande Paulista,SP,2020-03-27,1,2
1821,4217600,Siderópolis,SC,2020-03-27,1,2
1822,1400159,Bonfim,RR,2020-03-27,2,3
1823,3156700,Sabará,MG,2020-03-27,1,1
1824,3114204,Carmo do Cajuru,MG,2020-03-27,1,1
1825,3111200,Campo Belo,MG,2020-03-27,1,1
1826,3128907,Guimarânia,MG,2020-03-27,1,1
1827,4317202,Santa Rosa,RS,2020-03-27,1,1
1828,4303004,Cachoeira do Sul,RS,2020-03-27,1,1
1829,2516201,Sousa,PB,2020-03-27,1,1
1830,2504009,Campina Grande,PB,2020-03-27,1,1
1831,1302504,Manacapuru,AM,2020-03-27,2,2
1832,3513801,Diadema,SP,2020-03-27,1,1
1833,3301900,Itaboraí,RJ,2020-03-27,1,1
1834,2913903,Ipiaú,BA,2020-03-27,1,1
1835,4109401,Guarapuava,PR,2020-03-27,1,1
1836,4110805,Iretama,PR,2020-03-27,1,1
1837,4128104,Umuarama,PR,2020-03-27,1,1
1838,4128203,União da Vitória,PR,2020-03-27,1,1
1839,2307700,Maranguape,CE,2020-03-27,1,1
1840,5209705,Hidrolândia,GO,2020-03-27,1,1
1841,5002001,Batayporã,MS,2020-03-27,1,1
1842,5007406,Rio Verde de Mato Grosso,MS,2020-03-27,1,1
1843,4201208,Antônio Carlos,SC,2020-03-27,1,1
1844,4216909,São Lourenço do Oeste,SC,2020-03-27,1,1
1845,3204955,São Roque do Canaã,ES,2020-03-27,1,1
1846,2605459,Fernando de Noronha,PE,2020-03-27,1,1
1847,35,NO-INFO,SP,2020-03-27,3,3
1848,3300407,Barra Mansa,RJ,2020-03-27,0,1
1849,2910800,Feira de Santana,BA,2020-03-27,0,9
1850,2704302,Maceió,AL,2020-03-27,0,9
1851,3547304,Santana de Parnaíba,SP,2020-03-27,0,6
1852,4303905,Campo Bom,RS,2020-03-27,0,2
1853,4305108,Caxias do Sul,RS,2020-03-27,0,6
1854,3131307,Ipatinga,MG,2020-03-27,0,1
1855,5218805,Rio Verde,GO,2020-03-27,0,6
1856,4214300,Rancho Queimado,SC,2020-03-27,0,2
1857,26,ESTRANGEIRO,PE,2020-03-27,0,3
1858,3148103,Patrocínio,MG,2020-03-27,0,1
1859,2800308,Aracaju,SE,2020-03-27,0,13
1860,3510609,Carapicuíba,SP,2020-03-27,0,2
1861,4202800,Braço do Norte,SC,2020-03-27,0,9
1862,3548807,São Caetano do Sul,SP,2020-03-27,0,16
1863,3119401,Coronel Fabriciano,MG,2020-03-27,0,1
1864,3529401,Mauá,SP,2020-03-27,0,2
1865,2301000,Aquiraz,CE,2020-03-27,0,6
1866,5201108,Anápolis,GO,2020-03-27,0,3
1867,2925303,Porto Seguro,BA,2020-03-27,0,10
1868,2601706,Belo Jardim,PE,2020-03-27,0,1
1869,2607901,Jaboatão dos Guararapes,PE,2020-03-27,0,3
1870,2925501,Prado,BA,2020-03-27,0,2
1871,3167202,Sete Lagoas,MG,2020-03-27,0,2
1872,3170206,Uberlândia,MG,2020-03-27,0,7
1873,4104204,Campo Largo,PR,2020-03-27,0,1
1874,4119152,Pinhais,PR,2020-03-27,0,3
1875,4113700,Londrina,PR,2020-03-27,0,3
1876,1721000,Palmas,TO,2020-03-27,0,8
1877,5211909,Jataí,GO,2020-03-27,0,1
1878,5201405,Aparecida de Goiânia,GO,2020-03-27,0,2
1879,4108304,Foz do Iguaçu,PR,2020-03-27,0,5
1880,2805703,Propriá,SE,2020-03-27,0,2
1881,3301850,Guapimirim,RJ,2020-03-27,0,1
1882,3524709,Jaguariúna,SP,2020-03-27,0,1
1883,3549805,São José do Rio Preto,SP,2020-03-27,0,1
1884,3505708,Barueri,SP,2020-03-27,0,3
1885,3170107,Uberaba,MG,2020-03-27,0,3
1886,4218707,Tubarão,SC,2020-03-27,0,8
1887,42,ESTRANGEIRO,SC,2020-03-27,0,3
1888,2312908,Sobral,CE,2020-03-27,0,4
1889,4320404,Serafina Corrêa,RS,2020-03-27,0,3
1890,4321501,Torres,RS,2020-03-27,0,6
1891,4307906,Farroupilha,RS,2020-03-27,0,1
1892,4216602,São José,SC,2020-03-27,0,8
1893,5007901,Sidrolândia,MS,2020-03-27,0,1
1894,2914802,Itabuna,BA,2020-03-27,0,2
1895,3302908,Miguel Pereira,RJ,2020-03-27,0,1
1896,4301602,Bagé,RS,2020-03-27,0,9
1897,4300604,Alvorada,RS,2020-03-27,0,2
1898,4307005,Erechim,RS,2020-03-27,0,3
1899,4317103,Sant'Ana do Livramento,RS,2020-03-27,0,4
1900,2211001,Teresina,PI,2020-03-27,0,9
1901,3554102,Taubaté,SP,2020-03-27,0,1
1902,3552502,Suzano,SP,2020-03-27,0,1
1903,1100122,Ji-Paraná,RO,2020-03-27,0,1
1904,2307304,Juazeiro do Norte,CE,2020-03-27,0,1
1905,2304459,Fortim,CE,2020-03-27,0,1
1906,4211306,Navegantes,SC,2020-03-27,0,3
1907,4213203,Pomerode,SC,2020-03-27,0,1
1908,4208906,Jaraguá do Sul,SC,2020-03-27,0,2
1909,4207304,Imbituba,SC,2020-03-27,0,5
1910,4204608,Criciúma,SC,2020-03-27,0,12
1911,4204202,Chapecó,SC,2020-03-27,0,4
1912,2905701,Camaçari,BA,2020-03-27,0,1
1913,3303906,Petrópolis,RJ,2020-03-27,0,3
1914,4310801,Ivoti,RS,2020-03-27,0,2
1915,4305355,Charqueadas,RS,2020-03-27,0,1
1916,4321204,Taquara,RS,2020-03-27,0,1
1917,4306403,Dois Irmãos,RS,2020-03-27,0,1
1918,4306767,Eldorado do Sul,RS,2020-03-27,0,1
1919,4304606,Canoas,RS,2020-03-27,0,7
1920,3201308,Cariacica,ES,2020-03-27,0,1
1921,3201209,Cachoeiro de Itapemirim,ES,2020-03-27,0,1
1922,2403251,Parnamirim,RN,2020-03-27,0,4
1923,3140001,Mariana,MG,2020-03-27,0,2
1924,3151800,Poços de Caldas,MG,2020-03-27,0,1
1925,3519071,Hortolândia,SP,2020-03-27,0,1
1926,4302105,Bento Gonçalves,RS,2020-03-27,0,2
1927,5103403,Cuiabá,MT,2020-03-27,0,8
1928,4119905,Ponta Grossa,PR,2020-03-27,0,3
1929,4118501,Pato Branco,PR,2020-03-27,0,2
1930,4208807,Jaguaruna,SC,2020-03-27,0,2
1931,4206207,Gravatal,SC,2020-03-27,0,3
1932,5108402,Várzea Grande,MT,2020-03-27,0,2
1933,3556206,Valinhos,SP,2020-03-27,0,1
1934,3552809,Taboão da Serra,SP,2020-03-27,0,2
1935,3539806,Poá,SP,2020-03-27,0,1
1936,3509007,Caieiras,SP,2020-03-27,0,2
1937,5006606,Ponta Porã,MS,2020-03-27,0,1
1938,2804508,Nossa Senhora da Glória,SE,2020-03-27,0,1
1939,1100205,Porto Velho,RO,2020-03-27,0,5
1940,1400100,Boa Vista,RR,2020-03-27,0,9
1941,4304804,Carlos Barbosa,RS,2020-03-27,0,1
1942,4307609,Estância Velha,RS,2020-03-27,0,2
1943,4307807,Estrela,RS,2020-03-27,0,1
1944,4311403,Lajeado,RS,2020-03-27,0,5
1945,4316907,Santa Maria,RS,2020-03-27,0,2
1946,4323002,Viamão,RS,2020-03-27,0,1
1947,2903201,Barreiras,BA,2020-03-27,0,1
1948,3550704,São Sebastião,SP,2020-03-27,0,2
1949,2609600,Olinda,PE,2020-03-27,0,3
1950,4105805,Colombo,PR,2020-03-27,0,2
1951,1303403,Parintins,AM,2020-03-27,0,2
1952,2908507,Conceição do Jacuípe,BA,2020-03-27,0,1
1953,4317608,Santo Antônio da Patrulha,RS,2020-03-27,0,1
1954,41,FORA DO ESTADO,PR,2020-03-27,0,4
1955,4202404,Blumenau,SC,2020-03-27,0,12
1956,4209300,Lages,SC,2020-03-27,0,1
1957,4313508,Osório,RS,2020-03-27,0,1
1958,3521408,Iracemápolis,SP,2020-03-27,0,1
1959,3515004,Embu,SP,2020-03-27,0,1
1960,2918407,Juazeiro,BA,2020-03-27,0,2
1961,2918001,Jequié,BA,2020-03-27,0,1
1962,2904605,Brumado,BA,2020-03-27,0,1
1963,3107406,Bom Despacho,MG,2020-03-27,0,1
1964,3111507,Campos Altos,MG,2020-03-27,0,1
1965,3137205,Lagoa da Prata,MG,2020-03-27,0,2
1966,3168705,Timóteo,MG,2020-03-27,0,1
1967,26,FORA DO ESTADO,PE,2020-03-27,0,2
1968,2604106,Caruaru,PE,2020-03-27,0,1
1969,2611101,Petrolina,PE,2020-03-27,0,2
1970,5205109,Catalão,GO,2020-03-27,0,1
1971,1504208,Marabá,PA,2020-03-27,0,1
1972,2502607,Igaracy,PB,2020-03-27,0,1
1973,4315602,Rio Grande,RS,2020-03-27,0,2
1974,4317400,Santiago,RS,2020-03-27,0,1
1975,4319901,Sapiranga,RS,2020-03-27,0,1
1976,4306205,Cruzeiro do Sul,RS,2020-03-27,0,1
1977,4304630,Capão da Canoa,RS,2020-03-27,0,2
1978,4213500,Porto Belo,SC,2020-03-27,0,3
1979,4205902,Gaspar,SC,2020-03-27,0,1
1980,4207007,Içara,SC,2020-03-27,0,1
1981,3204609,Santa Teresa,ES,2020-03-27,0,1
1982,27,FORA DO ESTADO,AL,2020-03-27,0,1
1983,2908606,Conde,BA,2020-03-27,0,1
1984,2931350,Teixeira de Freitas,BA,2020-03-27,0,1
1985,4127106,Telêmaco Borba,PR,2020-03-27,0,1
1986,4118402,Paranavaí,PR,2020-03-27,0,1
1987,35,ESTRANGEIRO,SP,2020-03-27,0,27
1988,3301009,Campos dos Goytacazes,RJ,2020-03-27,0,1
1989,4308607,Garibaldi,RS,2020-03-27,0,1
1990,42,FORA DO ESTADO,SC,2020-03-27,0,5
1991,4203204,Camboriú,SC,2020-03-27,0,4
1992,4209409,Laguna,SC,2020-03-27,0,1
1993,4217006,São Ludgero,SC,2020-03-27,0,1
1994,4218004,Tijucas,SC,2020-03-27,0,1
1995,5221858,Valparaíso de Goiás,GO,2020-03-27,0,2
1996,2308104,Mauriti,CE,2020-03-27,0,1
1997,32,FORA DO ESTADO,ES,2020-03-27,0,1
1998,4300703,Anta Gorda,RS,2020-03-27,0,2
1999,4303509,Camaquã,RS,2020-03-27,0,1
2000,4314001,Paraí,RS,2020-03-27,0,1
2001,5108956,Nova Monte Verde,MT,2020-03-27,0,1
2002,1500800,Ananindeua,PA,2020-03-27,0,4
2003,2928950,São Domingos,BA,2020-03-27,0,1
2004,3543907,Rio Claro,SP,2020-03-27,0,1
2005,3543303,Ribeirão Pires,SP,2020-03-27,0,1
2006,3306107,Valença,RJ,2020-03-27,0,1
2007,2707503,Porto Real do Colégio,AL,2020-03-27,0,1
2008,4314407,Pelotas,RS,2020-03-27,0,2
2009,4305173,Cerro Grande do Sul,RS,2020-03-27,0,1
2010,4306601,Dom Pedrito,RS,2020-03-27,0,1
2011,4107603,Faxinal,PR,2020-03-27,0,1
2012,4201950,Balneário Arroio do Silva,SC,2020-03-27,0,1
2013,4203709,Canelinha,SC,2020-03-27,0,1
2014,4217253,São Pedro de Alcântara,SC,2020-03-27,0,1
2015,2906204,Canarana,BA,2020-03-27,0,1
2016,5220603,Silvânia,GO,2020-03-27,0,1
2017,5212501,Luziânia,GO,2020-03-27,0,1
2018,3127701,Governador Valadares,MG,2020-03-27,0,1
2019,3107109,Boa Esperança,MG,2020-03-27,0,1
2020,3162500,São João del Rei,MG,2020-03-27,0,1
2021,2105302,Imperatriz,MA,2020-03-27,0,1
2022,2900702,Alagoinhas,BA,2020-03-27,0,1
2023,4122305,Rio Negro,PR,2020-03-27,0,1
2024,3554003,Tatuí,SP,2020-03-27,0,1
2025,3503901,Arujá,SP,2020-03-27,0,1
2026,3527306,Louveira,SP,2020-03-27,0,2
2027,3300456,Belford Roxo,RJ,2020-03-27,0,1
2028,1303700,Santo Antônio do Içá,AM,2020-03-27,0,1
2029,1300706,Boca do Acre,AM,2020-03-27,0,1
2030,1503606,Itaituba,PA,2020-03-27,0,1
2031,1502400,Castanhal,PA,2020-03-27,0,1
2032,4316006,Rolante,RS,2020-03-27,0,1
2033,4311809,Marau,RS,2020-03-27,0,1
2034,4314605,Piratini,RS,2020-03-27,0,1
2035,4314100,Passo Fundo,RS,2020-03-27,0,1
2036,4313102,Nova Palma,RS,2020-03-27,0,1
2037,4208302,Itapema,SC,2020-03-27,0,1
2038,4218103,Timbé do Sul,SC,2020-03-27,0,1
2039,3201407,Castelo,ES,2020-03-27,0,1
